GO function	MPP-I AUPRC	PP-I AUPRC
3	0.0028	0.0025
15	0.0003	0.0003
18	0.0003	0.0003
27	0	0
30	0.0003	0.0003
34	0.0003	0.0003
36	0.0003	0.0003
41	0.0061	0.0731
49	0.1631	0.1480
52	0.0003	0.0003
62	0.0003	0.0003
96	0.0249	0.0873
97	0.0282	0.1395
99	0.0003	0.0003
101	0.0379	0.0045
103	0.0116	0.0142
104	0.1376	0.2264
105	0.2700	0.4704
107	0.2062	0.4151
150	0.0019	0.0010
154	0.0150	0.0198
155	0.0376	0.0109
156	0.0241	0.0074
160	0.0574	0.0284
162	0.1815	0.1604
166	0.2589	0.2268
175	0.0003	0.0003
179	0.0006	0.0006
209	0	0
217	0	0
255	0.0914	0.0478
256	0.1073	0.0064
270	0.1270	0.1268
271	0.0689	0.0869
272	0.0034	0.0228
286	0.0003	0.0003
287	0.0597	0.0491
295	0.0003	0.0003
302	0.0030	0.0009
334	0	0
394	0.0003	0.0003
405	0	0
413	0.0330	0.0749
502	0.2185	0.0779
702	0.0003	0.0003
715	0.0003	0.0003
716	0.0003	0.0003
724	0.0003	0.0003
725	0.0003	0.0003
726	0.0003	0.0003
746	0.0013	0.0013
774	0.0003	0.0003
785	0.0003	0.0003
786	0	0
902	0.2292	0.2945
906	0.0003	0.0003
910	0.0181	0.0609
917	0.0256	0.0186
918	0.0003	0.0003
921	0.0003	0.0003
975	0.0003	0.0003
976	0.0003	0.0003
984	0.0003	0.0003
986	0.0003	0.0003
987	0.0003	0.0003
988	0.0038	0.0039
989	0.0006	0.0006
990	0.0035	0.0029
996	0.0035	0.0029
1017	0.0003	0.0003
1067	0.0003	0.0003
1071	0.0309	0.0217
1073	0	0
1101	0	0
1121	0.0003	0.0003
1123	0.0003	0.0003
1159	0.0003	0.0003
1505	0	0
1510	0.0357	0.0346
1514	0.1156	0.7888
1522	0.0355	0.0804
1530	0.0003	0.0003
1539	0.3951	0.3390
1558	0	0
1666	0	0
1671	0	0
1680	0.0003	0.0003
1716	0.0003	0.0003
1871	0.0003	0.0003
1882	0.2448	0.2071
1883	0.2419	0.2035
1887	0.0009	0.1948
1897	0.0003	0.0003
1906	0.0003	0.0003
1907	0.0003	0.0003
1932	0.0006	0.0029
2094	0.0003	0.0003
2097	0.0013	0.0052
2098	0.0006	0.0006
2101	0.0003	0.0003
2143	0.0003	0.0003
2161	0.2326	0.0519
2250	0	0
2252	0.3292	0.2273
2376	0.3046	0.2099
2437	0	0
2438	0	0
2443	0	0
2449	0	0
2460	0	0
2524	0	0
2526	0	0
2682	0	0
2683	0	0
2935	0.0003	0.0003
2943	0.0003	0.0003
3008	0.0003	0.0003
3032	0	0
3333	0.0575	0.0179
3676	0.1934	0.1810
3677	0.1174	0.1038
3678	0.0571	0.1409
3682	0.0003	0.0003
3684	0.0334	0.0416
3688	0.0003	0.0003
3690	0.0099	0.0924
3697	0.0225	0.0044
3700	0.0302	0.0217
3712	0.0003	0.0003
3713	0.0003	0.0003
3723	0.2262	0.2263
3724	0	0
3725	0.0006	0.0006
3727	0.0003	0.0003
3729	0.0009	0.0009
3735	0.2544	0.2237
3743	0.0184	0.0029
3746	0.1116	0.0613
3747	0.0046	0.0121
3755	0.0330	0.0749
3774	0.3372	0.3467
3777	0.0003	0.0003
3779	0	0
3796	0.0023	0.0010
3810	0	0
3824	0.7083	0.6977
3825	0.0003	0.0003
3830	0	0
3834	0.0003	0.0003
3839	0.0003	0.0003
3840	0.0003	0.0003
3841	0	0
3842	0.0096	0.0006
3844	0.0003	0.0003
3847	0.0003	0.0003
3848	0.0003	0.0003
3849	0.0010	0.0009
3852	0.0003	0.0003
3855	0.0006	0.0006
3856	0.0006	0.0006
3857	0.0003	0.0003
3858	0	0
3861	0.0091	0.7812
3862	0.0003	0.0003
3864	0.0003	0.0003
3865	0	0
3866	0.0003	0.0003
3868	0.0003	0.0003
3871	0.0003	0.0003
3872	0.0003	0.0003
3874	0	0
3877	0.0003	0.0003
3878	0.0003	0.0003
3879	0.0003	0.0003
3880	0.0003	0.0003
3882	0	0
3883	0.0003	0.0003
3884	0	0
3885	0	0
3886	0.0050	0.0006
3887	0.0150	0.0090
3896	0.0087	0.0101
3899	0.0548	0.0331
3904	0.0003	0.0003
3905	0.0039	0.0006
3906	0.0242	0.0070
3908	0.0006	0.0006
3909	0.0039	0.0130
3910	0.0042	0.0220
3911	0.0003	0.0003
3913	0.0424	0.0006
3916	0.1290	0.0968
3917	0.0022	0.0021
3918	0.2769	0.2253
3919	0.0003	0.0003
3922	0.0351	0.2283
3924	0.0705	0.1174
3933	0.0319	0.2363
3934	0.0010	0.0009
3935	0.0581	0.3535
3937	0.0003	0.0003
3938	0.0003	0.0003
3939	0	0
3941	0.0003	0.0003
3942	0.0307	0.0006
3949	0.0003	0.0003
3951	0.0013	0.0013
3952	0.0003	0.0003
3953	0	0
3954	0.3925	0.4745
3955	0.0003	0.0003
3956	0	0
3958	0	0
3963	0.0003	0.0003
3964	0.0003	0.0003
3977	0.0003	0.0003
3978	0.0003	0.0003
3979	0.0003	0.0003
3983	0.0003	0.0003
3984	0.0009	0.0195
3987	0	0
3988	0	0
3989	0.0555	0.4864
3991	0.0003	0.0003
3992	0.0003	0.0003
3993	0.0006	0.0033
3994	0.0006	0.0006
3995	0.0006	0.0006
3998	0.0006	0.0006
3999	0.0003	0.0003
4000	0.0003	0.0003
4003	0.0551	0.0061
4004	0	0
4013	0.0003	0.0003
4014	0.0003	0.0003
4015	0	0
4016	0.0033	0.0032
4017	0.0006	0.0006
4018	0.0003	0.0003
4019	0.0003	0.0003
4020	0.0003	0.0003
4022	0	0
4026	0.0003	0.0003
4030	0	0
4034	0.0003	0.0003
4035	0.0006	0.0046
4037	0.0003	0.0003
4040	0.0046	0.0022
4042	0.0128	0.0051
4044	0.0003	0.0003
4045	0.0006	0.0006
4047	0.0009	0.0009
4048	0.0003	0.0003
4049	0.0003	0.0003
4055	0.0003	0.0003
4056	0.0003	0.0003
4057	0.0003	0.0003
4061	0.0003	0.0003
4064	0	0
4066	0.0006	0.0006
4067	0.0006	0.0006
4068	0.0003	0.0003
4069	0	0
4070	0.0003	0.0003
4071	0.0003	0.0003
4072	0.0003	0.0003
4073	0.0003	0.0003
4075	0.0067	0.0125
4076	0.0003	0.0003
4077	0.0010	0.0010
4082	0	0
4084	0	0
4088	0.0214	0.7818
4089	0.0006	0.0006
4092	0	0
4096	0.0013	0.0029
4106	0.0006	0.0006
4107	0.0003	0.0003
4108	0	0
4109	0.0006	0.0006
4112	0.0006	0.0006
4114	0.0003	0.0003
4115	0.0003	0.0003
4121	0.0003	0.0003
4122	0	0
4124	0.0003	0.0003
4125	0.0003	0.0003
4126	0.0003	0.0003
4127	0.0006	0.0006
4129	0.1503	0.1448
4133	0.0061	0.3073
4134	0.0067	0.0006
4135	0.0003	0.0003
4139	0.0003	0.0003
4140	0.0006	0.0006
4141	0.0003	0.0003
4143	0.0006	0.0006
4144	0	0
4145	0	0
4146	0.0003	0.0003
4148	0.0003	0.0003
4150	0.0003	0.0003
4151	0.0010	0.0009
4152	0.0003	0.0003
4156	0.0003	0.0003
4158	0.0003	0.0003
4160	0.0003	0.0003
4161	0	0
4163	0.0003	0.0003
4170	0.0003	0.0003
4175	0.0186	0.0186
4176	0.0049	0.0017
4177	0.0133	0.0096
4180	0.0042	0.0038
4181	0.0019	0.0006
4185	0.0009	0.0010
4190	0.0017	0.0025
4197	0.0100	0.0022
4222	0.0068	0.0050
4252	0.0083	0.0085
4298	0.0010	0.0009
4308	0.0003	0.0003
4309	0.0006	0.0006
4311	0.0003	0.0003
4312	0.0162	0.3298
4314	0.0003	0.0003
4315	0.0003	0.0003
4316	0	0
4318	0.0010	0.1371
4320	0	0
4325	0.0003	0.0003
4326	0.0003	0.0003
4328	0.0003	0.0003
4329	0.0003	0.0003
4331	0	0
4332	0.0006	0.0006
4333	0.0868	0.1444
4335	0.0003	0.0003
4340	0.0003	0.0003
4341	0.0003	0.0003
4342	0.0003	0.0003
4345	0.0003	0.0003
4347	0.0003	0.0003
4348	0.0059	0.0006
4349	0.0003	0.0003
4350	0.0003	0.0003
4351	0.0003	0.0003
4352	0.0003	0.0003
4355	0	0
4356	0.0006	0.0006
4357	0.0055	0.0046
4358	0.0003	0.0003
4359	0.0003	0.0003
4360	0.0003	0.0003
4363	0.0003	0.0003
4365	0.0003	0.0003
4366	0.0003	0.0003
4367	0.0003	0.0003
4368	0.0006	0.0006
4370	0.0003	0.0003
4371	0.1106	0.1265
4372	0.0003	0.0003
4375	0.1578	0.1466
4385	0.0003	0.0003
4386	0.0801	0.0624
4392	0.0006	0.0043
4396	0.0003	0.0003
4397	0.0003	0.0003
4398	0	0
4399	0.0003	0.0003
4400	0.0003	0.0003
4401	0	0
4402	0	0
4411	0.0003	0.0003
4412	0.0003	0.0003
4413	0.0003	0.0003
4414	0.0003	0.0003
4416	0	0
4417	0.0003	0.0003
4418	0.0003	0.0003
4420	0.0003	0.0003
4421	0.0003	0.0003
4422	0.0003	0.0003
4423	0	0
4424	0.0003	0.0003
4425	0.0003	0.0003
4427	0.0010	0.0009
4435	0	0
4448	0.0070	0.0006
4450	0.0070	0.0006
4451	0.0003	0.0003
4452	0.0006	0.0006
4455	0.0003	0.0003
4457	0	0
4462	0.0003	0.0003
4463	0.0006	0.1213
4470	0.0003	0.0003
4471	0.0003	0.0003
4474	0.0003	0.0003
4476	0.0003	0.0003
4477	0.0003	0.0003
4478	0.0006	0.0006
4479	0.0003	0.0003
4488	0.0003	0.0003
4489	0.0003	0.0003
4491	0	0
4493	0	0
4494	0.0006	0.1839
4496	0.0003	0.0003
4497	0.0095	0.0057
4505	0.0003	0.0003
4512	0.0003	0.0003
4514	0.0006	0.0006
4515	0.0003	0.0003
4516	0.0003	0.0003
4517	0.0003	0.0003
4518	0.0684	0.0696
4519	0.0346	0.0495
4520	0.0465	0.1144
4521	0.0188	0.0090
4523	0.0140	0.0013
4525	0.0006	0.0006
4526	0.0003	0.0003
4527	0.0451	0.0448
4528	0	0
4529	0.0033	0.0077
4530	0	0
4532	0.0013	0.0013
4536	0.0246	0.0647
4540	0.0598	0.0205
4549	0.0006	0.0006
4550	0.0003	0.0003
4551	0	0
4553	0.1142	0.1280
4555	0.0003	0.0003
4557	0.0003	0.0003
4558	0.0003	0.0003
4559	0.0003	0.0003
4560	0.0003	0.0003
4561	0	0
4563	0.0003	0.0003
4564	0.0003	0.0003
4565	0.0003	0.0003
4567	0.0003	0.0003
4568	0.0027	0.0277
4573	0	0
4576	0.0003	0.0003
4585	0.0003	0.0003
4588	0.0003	0.0003
4590	0.0006	0.0006
4591	0.0003	0.0003
4592	0.0003	0.0003
4594	0.0010	0.0009
4595	0.0003	0.0003
4596	0	0
4601	0.0075	0.0061
4602	0.0003	0.0003
4604	0.0003	0.0003
4605	0.0006	0.0006
4608	0	0
4609	0.0003	0.0003
4611	0.0033	0.0014
4612	0.0003	0.0003
4613	0.0003	0.0003
4614	0.0003	0.0003
4616	0.0009	0.0023
4618	0.0006	0.0006
4619	0.0010	0.0009
4620	0.0006	0.0006
4629	0.0003	0.0003
4632	0.0003	0.0003
4633	0.0003	0.0003
4634	0.0003	0.0003
4635	0.0003	0.0003
4636	0.0003	0.0003
4637	0.0003	0.0003
4638	0.0003	0.0003
4639	0.0006	0.0006
4640	0.0003	0.0003
4641	0.0003	0.0003
4642	0.0006	0.5859
4643	0.0003	0.0003
4644	0.0006	0.0006
4645	0.0033	0.0006
4647	0.0003	0.0003
4648	0.0003	0.0003
4650	0.0003	0.0003
4652	0	0
4654	0.0003	0.0003
4655	0.0003	0.0003
4657	0.0096	0.0006
4658	0	0
4659	0.0038	0.0016
4664	0.0003	0.0003
4665	0.0003	0.0003
4668	0.0003	0.0003
4671	0.0003	0.0003
4672	0.0366	0.0207
4673	0.0373	0.0109
4674	0.0065	0.0036
4683	0.0003	0.0003
4687	0	0
4712	0.0003	0.0003
4713	0	0
4719	0.0003	0.0003
4721	0.0039	0.0071
4725	0.0030	0.0029
4729	0.0006	0.0006
4731	0.0006	0.0006
4733	0.0129	0.0016
4735	0.0003	0.0003
4736	0.0003	0.0003
4738	0.0183	0.0006
4739	0.0183	0.0006
4743	0.0006	0.0006
4746	0.0003	0.0003
4747	0	0
4748	0.0006	0.5850
4749	0.0003	0.0003
4750	0.0003	0.0003
4751	0.0038	0.0006
4753	0	0
4754	0	0
4756	0.0003	0.0003
4764	0.0003	0.0003
4765	0.0003	0.0003
4766	0.0006	0.0006
4774	0.1640	0.1609
4775	0.1640	0.1609
4779	0.0006	0.0006
4781	0.0006	0.0006
4784	0.0009	0.0009
4788	0.0006	0.0036
4789	0.0006	0.0006
4791	0.0003	0.0003
4792	0.0003	0.0003
4793	0.0003	0.0003
4794	0.0003	0.0003
4795	0.0003	0.0003
4797	0.0003	0.0003
4798	0.0003	0.0003
4799	0.0006	0.0006
4801	0.0003	0.0003
4802	0.0006	0.0006
4803	0.0893	0.0204
4805	0.0003	0.0003
4806	0.0003	0.0003
4807	0.0003	0.0003
4808	0.0003	0.0003
4809	0.0003	0.0003
4810	0.0003	0.0003
4812	0.2620	0.1955
4813	0.0006	0.0006
4814	0.0412	0.0006
4815	0.0006	0.0006
4816	0.0003	0.0003
4817	0.0003	0.0003
4818	0.0003	0.0003
4820	0.0035	0.0572
4821	0.0003	0.0003
4822	0.0003	0.0003
4823	0.0003	0.0003
4824	0.0009	0.0009
4825	0.0003	0.0003
4826	0.0149	0.0248
4827	0.0003	0.0003
4828	0.0003	0.0003
4829	0.0003	0.0003
4830	0.0003	0.0003
4831	0.0003	0.0003
4832	0.0003	0.0003
4833	0.0003	0.0003
4834	0.0210	0.5403
4842	0	0
4844	0.0003	0.0003
4845	0.0037	0.0043
4846	0.0003	0.0003
4848	0.0003	0.0003
4849	0.0006	0.0006
4850	0.0003	0.0003
4851	0.0003	0.0003
4852	0.0003	0.0003
4853	0.0003	0.0003
4854	0.0827	0.5704
4855	0.0003	0.0003
4856	0	0
4857	0.0014	0.0039
4866	0.0006	0.0122
4867	0.0003	0.0003
4871	0.0637	0.0368
4872	0.0455	0.0160
4888	0	0
4930	0	0
4969	0	0
5085	0	0
5096	0.0003	0.0003
5102	0	0
5198	0.2428	0.2065
5199	0	0
5201	0	0
5215	0.1591	0.1561
5216	0.0015	0.0013
5230	0	0
5242	0	0
5244	0.0003	0.0003
5247	0.0003	0.0003
5249	0	0
5253	0.0003	0.0003
5254	0.0003	0.0003
5261	0	0
5267	0	0
5275	0.0006	0.0006
5283	0.0072	0.0180
5294	0.0003	0.0003
5304	0	0
5310	0.1227	0.0482
5313	0.0003	0.0003
5315	0.4547	0.4243
5319	0.0019	0.0009
5326	0.0003	0.0003
5328	0.0003	0.0003
5337	0.0023	0.0023
5342	0.0862	0.0817
5343	0.0287	0.0139
5344	0.0003	0.0003
5346	0.0003	0.0003
5347	0.0003	0.0003
5351	0.1732	0.2083
5354	0	0
5355	0	0
5363	0.0003	0.0003
5368	0.0003	0.0003
5372	0.0003	0.0003
5375	0	0
5381	0.1239	0.0088
5388	0	0
5402	0.1732	0.2083
5415	0.0003	0.0003
5416	0.0072	0.0180
5451	0.0006	0.0006
5471	0.0003	0.0003
5488	0.4812	0.4698
5496	0.0017	0.0029
5506	0.0599	0.0499
5507	0.0620	0.0633
5509	0.0031	0.0020
5515	0.0201	0.0153
5516	0.0003	0.0003
5518	0.0003	0.0003
5524	0.2163	0.1812
5525	0.0589	0.0751
5539	0	0
5542	0.0003	0.0003
5543	0	0
5544	0	0
5576	0.0022	0.0026
5578	0	0
5581	0	0
5615	0.0003	0.0003
5618	0.0264	0.0324
5622	0.3095	0.3183
5623	0.3453	0.3508
5634	0.0031	0.0009
5657	0.0006	0.0006
5694	0.1220	0.2430
5727	0.0016	0.0044
5737	0.3221	0.3377
5773	0	0
5786	0.0003	0.0003
5829	0.0070	0.1493
5835	0.0006	0.1605
5839	0.0010	0.0009
5840	0.2314	0.2001
5856	0.0006	0.0006
5871	0.0003	0.0003
5875	0.0003	0.0003
5886	0.1332	0.1426
5887	0.0077	0.0062
5911	0	0
5923	0	0
5938	0.0003	0.0003
5940	0.0003	0.0003
5945	0.0003	0.0003
5952	0.0006	0.0033
5960	0.0003	0.0003
5971	0.0006	0.5850
5975	0.1680	0.2145
5976	0.0594	0.0773
5977	0.1125	0.4418
5978	0.3081	0.5738
5980	0.0006	0.0006
5984	0.1550	0.0341
5985	0	0
5988	0.0003	0.0003
5990	0.0003	0.0003
5991	0.1953	0.0476
5992	0.0899	0.1534
5993	0.0003	0.0003
5996	0.0934	0.2306
5997	0	0
6002	0.0003	0.0003
6004	0.3030	0.0006
6006	0.0659	0.2146
6007	0.0613	0.2545
6011	0.0003	0.0003
6012	0.0024	0.2122
6013	0.0003	0.0003
6014	0.0003	0.0003
6015	0.0010	0.0009
6020	0.0003	0.0003
6021	0.0003	0.0003
6022	0.1196	0.1209
6023	0.4514	0.4234
6024	0.4514	0.4234
6026	0.0214	0.0103
6027	0.0097	0.0066
6030	0.0025	0.0248
6032	0.0027	0.0277
6040	0.0427	0.0936
6044	0.0040	0.0367
6047	0.0555	0.0063
6048	0.0003	0.0003
6050	0.0003	0.0003
6051	0.0003	0.0003
6054	0.0003	0.0003
6059	0.0033	0.0006
6063	0.1230	0.1482
6064	0.1230	0.1482
6066	0.0246	0.1573
6071	0.0194	0.0804
6072	0.0088	0.1454
6073	0.1184	0.3398
6080	0.0003	0.0003
6081	0.2736	0.3066
6082	0.2903	0.3069
6083	0.0003	0.0003
6084	0.1311	0.2165
6085	0.0006	0.0006
6089	0.0006	0.1789
6090	0.4281	0.5386
6091	0.1191	0.1626
6094	0.0073	0.0776
6096	0.1010	0.2833
6097	0.0083	0.0040
6098	0.0254	0.0856
6099	0.0836	0.1616
6105	0.4524	0.1645
6106	0.0006	0.0006
6107	0.0006	0.0006
6108	0.0062	0.0157
6109	0.0006	0.0006
6112	0.1125	0.4418
6113	0.0006	0.0006
6119	0.2317	0.2933
6139	0.2662	0.2607
6140	0.0006	0.0026
6144	0.0897	0.0788
6145	0.0006	0.0006
6146	0.0003	0.0003
6152	0.0823	0.0511
6163	0.1270	0.1387
6164	0.1854	0.2732
6165	0.0003	0.0003
6166	0.0130	0.0689
6167	0.0285	0.0054
6168	0.0003	0.0003
6171	0.0035	0.0033
6177	0.0336	0.1577
6183	0.0003	0.0003
6184	0.0635	0.1072
6188	0.3469	0.6044
6189	0.3713	0.6472
6195	0.0802	0.0529
6198	0.0003	0.0003
6200	0.0699	0.0383
6206	0.0268	0.1979
6207	0.0468	0.4249
6208	0	0
6212	0	0
6213	0.1012	0.1939
6216	0.0003	0.0003
6220	0.1585	0.1259
6221	0.1437	0.1353
6222	0.1593	0.1851
6223	0.0003	0.0003
6226	0.0336	0.0079
6228	0.0003	0.0003
6229	0.0003	0.0003
6231	0.0064	0.0006
6233	0.0003	0.0003
6235	0.0111	0.0006
6241	0.0060	0.0335
6259	0.1347	0.1003
6260	0.0853	0.0860
6261	0.0397	0.0340
6265	0.1291	0.0972
6266	0.0006	0.0006
6268	0.2951	0.1374
6269	0.0061	0.0072
6270	0.0040	0.0049
6271	0.0003	0.0003
6273	0.0003	0.0003
6274	0	0
6275	0.0006	0.0006
6276	0	0
6278	0.0003	0.0003
6281	0.0870	0.1159
6282	0.0003	0.0003
6283	0.0003	0.0003
6284	0.0231	0.0058
6289	0.1217	0.3269
6298	0.0099	0.0467
6302	0.0006	0.0006
6303	0.0003	0.0003
6304	0.0792	0.0453
6305	0.0925	0.0228
6306	0.0925	0.0228
6308	0.0006	0.0006
6310	0.0624	0.0342
6313	0.0936	0.0329
6323	0.0071	0.0447
6325	0.0003	0.0003
6333	0	0
6334	0	0
6351	0.0590	0.0495
6352	0.0034	0.0029
6353	0.0161	0.0082
6354	0.0452	0.0050
6355	0.0572	0.0475
6364	0.1024	0.0394
6366	0	0
6367	0	0
6378	0	0
6388	0.0003	0.0003
6396	0.1612	0.1446
6397	0.0003	0.0003
6399	0.2785	0.2268
6400	0.1025	0.1911
6401	0.0362	0.0082
6402	0.0017	0.0209
6412	0.2891	0.2622
6413	0.0164	0.0036
6414	0.0922	0.0706
6415	0.0189	0.0058
6417	0.1022	0.0673
6418	0.5388	0.3987
6419	0.0006	0.0006
6420	0.0615	0.0006
6421	0.0003	0.0003
6422	0.0003	0.0003
6423	0.0003	0.0003
6424	0.0003	0.0003
6426	0.0046	0.0797
6427	0.0003	0.0003
6428	0.0003	0.0003
6429	0.0003	0.0003
6430	0.0009	0.0009
6431	0.0003	0.0003
6432	0.0278	0.0307
6433	0.0003	0.0003
6434	0.0003	0.0003
6435	0.0003	0.0003
6436	0.0003	0.0003
6437	0.0003	0.0003
6438	0.0003	0.0003
6448	0.1507	0.0351
6449	0.0003	0.0003
6450	0.1507	0.0351
6451	0.1156	0.7888
6457	0.0711	0.0493
6461	0.0205	0.0795
6464	0.0263	0.0395
6465	0	0
6468	0.0127	0.0243
6470	0.0030	0.0029
6473	0	0
6474	0	0
6475	0	0
6476	0.0003	0.0003
6479	0.0027	0.0654
6481	0.0003	0.0003
6486	0.0006	0.0006
6487	0	0
6493	0.0003	0.0003
6497	0.0003	0.0003
6505	0.0003	0.0003
6506	0.0003	0.0003
6508	0.0525	0.0419
6511	0.0003	0.0003
6515	0.0003	0.0003
6518	0.0058	0.0027
6520	0.3159	0.3561
6522	0.0010	0.0024
6523	0.0006	0.0006
6524	0.0003	0.0003
6525	0.1290	0.5028
6526	0.2125	0.7150
6527	0.2310	0.1194
6528	0.0010	0.0010
6529	0.0010	0.0010
6531	0.0003	0.0003
6534	0.0013	0.1803
6535	0.0006	0.5611
6536	0.1379	0.4280
6537	0.2579	0.4494
6538	0.0003	0.0003
6541	0.0507	0.0928
6542	0.0003	0.0003
6543	0.0006	0.0006
6544	0.0263	0.0960
6545	0.0006	0.0006
6546	0.0400	0.1417
6547	0.2085	0.4216
6548	0.3881	0.7901
6549	0.2269	0.4101
6551	0.1413	0.1874
6553	0.0601	0.3624
6554	0.0003	0.0003
6555	0.0443	0.0967
6556	0.0003	0.0003
6557	0.0003	0.0003
6558	0.0087	0.0425
6559	0.0429	0.2610
6560	0.4478	0.1326
6561	0.5480	0.1466
6562	0.0096	0.0006
6563	0.0044	0.2350
6564	0.0006	0.0006
6566	0.1379	0.3638
6567	0	0
6568	0.1224	0.3874
6569	0.0293	0.2120
6570	0.0006	0.0006
6571	0.0003	0.0003
6573	0.0228	0.4040
6575	0.0342	0.1136
6576	0.0884	0.4293
6577	0.0003	0.0003
6578	0.0003	0.0003
6580	0.1270	0.4878
6586	0.1224	0.3874
6591	0.0308	0.1930
6595	0.0283	0.2119
6596	0.0283	0.2119
6605	0.0104	0.1154
6612	0.0140	0.0856
6613	0.0140	0.0856
6614	0.0140	0.0856
6629	0.0787	0.1177
6631	0.0156	0.1041
6633	0.0172	0.1239
6635	0	0
6636	0	0
6637	0.1082	0.1855
6643	0.0747	0.1304
6644	0.1271	0.1848
6646	0.0003	0.0003
6650	0.0085	0.0086
6661	0.0003	0.0003
6662	0.0003	0.0003
6664	0.0896	0.1577
6665	0.0041	0.0006
6672	0.0003	0.0003
6677	0.0003	0.0003
6678	0.0003	0.0003
6680	0.0003	0.0003
6687	0.0003	0.0003
6720	0.1623	0.3194
6721	0.1885	0.0975
6722	0.0003	0.0003
6725	0.3108	0.3071
6729	0.0003	0.0003
6730	0.0207	0.0044
6732	0.1202	0.2006
6733	0.0544	0.1539
6739	0.0249	0.0641
6740	0.0242	0.0814
6741	0.0006	0.0006
6742	0.0003	0.0003
6743	0.0393	0.0123
6744	0.0393	0.0123
6749	0.0029	0.0017
6750	0.0022	0.0013
6753	0.1608	0.1718
6754	0.2689	0.2201
6760	0.0465	0.1337
6766	0.2691	0.3745
6767	0.2691	0.3745
6768	0.0135	0.0495
6771	0.2531	0.3759
6772	0.0605	0.0944
6777	0.1271	0.2353
6778	0.1162	0.1943
6779	0.1189	0.2215
6782	0.2195	0.5856
6783	0.2334	0.3411
6784	0.0003	0.0003
6787	0.0006	0.0043
6788	0.0006	0.0080
6790	0.0363	0.0855
6793	0.2045	0.2155
6796	0.1978	0.2042
6797	0.0003	0.0003
6799	0.0003	0.0003
6801	0.0006	0.0006
6805	0.0003	0.0003
6807	0.3773	0.3731
6808	0.0124	0.0224
6809	0.0003	0.0003
6810	0.1897	0.1915
6811	0.1265	0.1491
6812	0.1291	0.1422
6813	0.0688	0.1426
6814	0.1729	0.2154
6816	0	0
6817	0.4088	0.3859
6818	0.1383	0.1730
6820	0.0694	0.0864
6821	0.0003	0.0003
6824	0.0013	0.2070
6825	0	0
6826	0.0038	0.0046
6833	0.0003	0.0003
6835	0.1227	0.0482
6836	0.0003	0.0003
6842	0.0003	0.0003
6846	0.0003	0.0003
6855	0.0003	0.0003
6857	0.0003	0.0003
6858	0.0003	0.0003
6865	0.0428	0.0277
6869	0.0017	0.0224
6873	0.0277	0.0073
6875	0.0303	0.0078
6878	0.0003	0.0003
6879	0.0323	0.0066
6885	0.0003	0.0003
6886	0.0088	0.0912
6887	0	0
6904	0	0
6915	0.0003	0.0003
6928	0.3839	0.3255
6935	0.0533	0.0898
6950	0.0874	0.0815
6952	0.1417	0.1139
6954	0	0
6955	0	0
6970	0.0003	0.0003
6972	0.0003	0.0003
6974	0.0834	0.1107
6979	0.0907	0.0435
6996	0.0352	0.0589
7005	0	0
7010	0.0003	0.0003
7049	0.1027	0.1760
7059	0.0279	0.1657
7062	0.0003	0.0003
7154	0.0720	0.0521
7155	0.0021	0.0023
7156	0	0
7165	0.0718	0.0461
7166	0.0003	0.0003
7186	0.0003	0.0003
7205	0.0003	0.0003
7229	0	0
7264	0	0
7265	0	0
7266	0	0
7267	0	0
7268	0	0
7600	0.0003	0.0003
7606	0.0003	0.0003
7610	0.0003	0.0003
7623	0	0
8026	0.1643	0.0405
8028	0.0036	0.0060
8033	0.1341	0.1699
8047	0.0006	0.0006
8061	0	0
8076	0	0
8079	0.0046	0.0121
8080	0.0081	0.0075
8081	0.0109	0.0122
8092	0	0
8094	0.1225	0.0831
8097	0.0003	0.0003
8104	0.0565	0.0906
8107	0	0
8108	0.0006	0.0006
8113	0.0003	0.0003
8115	0.1629	0.1406
8119	0	0
8121	0.0003	0.0003
8124	0.0003	0.0003
8131	0.0003	0.0003
8134	0.0291	0.0153
8135	0.0510	0.0457
8137	0.2985	0.3232
8138	0.0003	0.0003
8144	0.0050	0.0021
8146	0	0
8152	0.6668	0.6662
8156	0.0003	0.0003
8168	0.0453	0.0474
8169	0.0009	0.0037
8170	0.0180	0.0066
8171	0.0065	0.0206
8172	0.0023	0.0095
8173	0.0228	0.0198
8175	0.0062	0.0135
8176	0.0003	0.0003
8184	0.0003	0.0003
8186	0.0003	0.0003
8191	0	0
8194	0.0013	0.0013
8198	0.0063	0.0403
8199	0.0042	0.0022
8201	0	0
8202	0	0
8213	0.0027	0.0654
8216	0.0185	0.2624
8218	0	0
8219	0.0006	0.0006
8227	0	0
8233	0.0459	0.0509
8234	0.0105	0.0035
8235	0.0021	0.0032
8236	0.0170	0.0227
8237	0.0235	0.0115
8238	0.0369	0.0181
8239	0.0003	0.0003
8241	0	0
8242	0.0003	0.0003
8252	0.0003	0.0003
8253	0.0003	0.0003
8270	0.0313	0.0308
8271	0.0006	0.0052
8272	0.1190	0.1433
8276	0.0036	0.0346
8277	0	0
8289	0.0028	0.0031
8294	0	0
8295	0.0185	0.2624
8299	0.1623	0.3194
8305	0	0
8308	0.0003	0.0003
8312	0.0003	0.0003
8320	0.0159	0.0420
8324	0.1317	0.1408
8356	0	0
8360	0.2391	0.2878
8373	0	0
8374	0.0047	0.0045
8375	0.0003	0.0003
8379	0.0003	0.0003
8380	0.0003	0.0003
8408	0.0123	0.0126
8409	0.0185	0.0092
8410	0.0946	0.2729
8417	0	0
8425	0.0003	0.0003
8428	0.0003	0.0003
8430	0.0003	0.0003
8442	0.0003	0.0003
8443	0.0006	0.0006
8444	0.0003	0.0003
8446	0.0003	0.0003
8448	0.0003	0.0003
8452	0.0051	0.0224
8460	0.0003	0.0003
8473	0.0003	0.0003
8477	0.0003	0.0003
8478	0.0003	0.0003
8479	0.0003	0.0003
8483	0.0810	0.0220
8484	0.0563	0.0027
8488	0	0
8490	0.0003	0.0003
8495	0.0003	0.0003
8508	0.0006	0.0006
8509	0.0597	0.0736
8514	0.0645	0.0620
8519	0.0003	0.0003
8531	0.0003	0.0003
8534	0.0003	0.0003
8535	0.0043	0.0047
8556	0.4971	0.1938
8565	0.0288	0.0264
8603	0.0006	0.0033
8609	0	0
8610	0.0961	0.1546
8612	0.0003	0.0003
8614	0.0287	0.0847
8615	0.0287	0.0847
8616	0.1170	0.4535
8643	0.1449	0.2146
8645	0	0
8649	0.0098	0.0134
8650	0.0003	0.0003
8652	0.3032	0.3980
8653	0.0729	0.0305
8654	0.1354	0.2169
8655	0.1197	0.0089
8657	0.0003	0.0003
8658	0.0053	0.0021
8661	0.0003	0.0003
8662	0.0003	0.0003
8664	0.0003	0.0003
8666	0.0003	0.0003
8667	0	0
8668	0.0003	0.0003
8671	0.0003	0.0003
8676	0.0003	0.0003
8677	0.0003	0.0003
8678	0	0
8685	0.0003	0.0003
8686	0.0803	0.4823
8690	0.0003	0.0003
8691	0	0
8693	0	0
8697	0.0003	0.0003
8701	0	0
8703	0.0054	0.0366
8704	0.0003	0.0003
8705	0.0025	0.0267
8707	0	0
8712	0	0
8715	0.0003	0.0003
8716	0.0003	0.0003
8718	0	0
8721	0.0003	0.0003
8725	0.0003	0.0003
8726	0	0
8727	0	0
8733	0.0003	0.0003
8734	0.0003	0.0003
8736	0.0003	0.0003
8740	0.0003	0.0003
8741	0.0003	0.0003
8743	0	0
8745	0.0041	0.0065
8746	0.3392	0.1678
8750	0.3392	0.1678
8752	0.0003	0.0003
8757	0.0290	0.0433
8759	0.0003	0.0003
8760	0.0003	0.0003
8761	0.0003	0.0003
8762	0.0021	0.0031
8763	0.0006	0.0006
8764	0.0003	0.0003
8765	0.0006	0.0006
8766	0.0003	0.0003
8767	0.0003	0.0003
8770	0.0003	0.0003
8771	0.0003	0.0003
8772	0.0003	0.0003
8773	0.0050	0.0006
8774	0.0003	0.0003
8775	0.0003	0.0003
8776	0.0003	0.0003
8780	0.0003	0.0003
8782	0.0006	0.0006
8784	0.0003	0.0003
8785	0.0003	0.0003
8791	0.0003	0.0003
8792	0.0006	0.0006
8794	0.0003	0.0003
8795	0.0003	0.0003
8796	0	0
8797	0.0003	0.0003
8798	0	0
8800	0.0006	0.0006
8803	0	0
8804	0.0003	0.0003
8810	0.0039	0.0006
8811	0.0003	0.0003
8812	0.0003	0.0003
8813	0.0003	0.0003
8814	0.0003	0.0003
8815	0.0003	0.0003
8817	0.0006	0.0006
8818	0.0003	0.0003
8821	0.0006	0.0006
8824	0.0003	0.0003
8825	0.0003	0.0003
8827	0.0003	0.0003
8828	0	0
8829	0.0003	0.0003
8830	0.0003	0.0003
8831	0.0003	0.0003
8832	0.0003	0.0003
8833	0.0003	0.0003
8835	0.0073	0.0869
8836	0.0003	0.0003
8837	0.0003	0.0003
8839	0.0006	0.0006
8840	0.0003	0.0003
8849	0.0006	0.0078
8851	0.2608	0.1671
8852	0.0003	0.0003
8854	0.0003	0.0003
8855	0.0006	0.0006
8859	0.0006	0.0006
8861	0.0003	0.0003
8863	0.0009	0.0025
8864	0.0003	0.0003
8865	0	0
8870	0	0
8872	0	0
8875	0	0
8878	0.0003	0.0003
8879	0.0006	0.0006
8880	0.0003	0.0003
8881	0.0003	0.0003
8882	0.0003	0.0003
8883	0.0003	0.0003
8885	0.0003	0.0003
8887	0.0003	0.0003
8889	0.0010	0.0010
8890	0	0
8897	0.0010	0.0010
8898	0.0034	0.0908
8899	0.0003	0.0003
8901	0.3570	0.1063
8903	0.0003	0.0003
8906	0	0
8907	0.0006	0.0006
8908	0.0006	0.1213
8909	0.0003	0.0003
8914	0.0003	0.0003
8915	0.0006	0.0006
8926	0	0
8927	0.0003	0.0003
8929	0.0003	0.0003
8930	0.0003	0.0003
8933	0.0006	0.0006
8934	0.0003	0.0003
8935	0.0003	0.0003
8939	0.0003	0.0003
8940	0.0821	0.5344
8941	0.0003	0.0003
8942	0.0003	0.0003
8948	0.0006	0.0006
8955	0.0003	0.0003
8959	0.0003	0.0003
8961	0.0003	0.0003
8962	0.0003	0.0003
8963	0.0003	0.0003
8964	0.0006	0.0006
8965	0.0006	0.0006
8967	0	0
8968	0.0003	0.0003
8969	0.0003	0.0003
8970	0	0
8972	0.0003	0.0003
8973	0.0003	0.0003
8974	0.0003	0.0003
8976	0.0107	0.3890
8977	0.0003	0.0003
8982	0.1862	0.2172
8983	0.0003	0.0003
8984	0.0003	0.0003
8987	0.0003	0.0003
8988	0.0075	0.0009
8990	0	0
8998	0.0003	0.0003
8999	0	0
9001	0.0003	0.0003
9002	0.0003	0.0003
9007	0.0063	0.0024
9008	0.1067	0.0055
9009	0.0006	0.0006
9010	0	0
9011	0.0003	0.0003
9012	0	0
9014	0	0
9015	0.0003	0.0003
9017	0.0003	0.0003
9019	0.0006	0.0006
9022	0.0003	0.0003
9024	0.0003	0.0003
9025	0.0003	0.0003
9028	0.0003	0.0003
9029	0.0003	0.0003
9030	0.0003	0.0003
9032	0.0003	0.0003
9034	0.0003	0.0003
9035	0.0003	0.0003
9036	0.0003	0.0003
9037	0.0006	0.0006
9039	0.5394	0.8624
9041	0.0003	0.0003
9044	0	0
9045	0.0003	0.0003
9052	0.0003	0.0003
9055	0.0690	0.0638
9056	0.1301	0.1229
9057	0.0321	0.0218
9058	0.3194	0.3234
9059	0.1652	0.1635
9060	0.1117	0.1637
9061	0.0106	0.0671
9062	0.0006	0.0006
9063	0.1383	0.2684
9064	0.1785	0.2693
9065	0.0869	0.2273
9066	0.0570	0.1882
9067	0.0645	0.2050
9068	0.0003	0.0003
9069	0.0176	0.1498
9070	0.0101	0.1001
9071	0.0400	0.1417
9072	0.1783	0.3678
9073	0.2591	0.4294
9074	0.2740	0.3942
9078	0.0010	0.0024
9079	0.0006	0.0006
9080	0.0003	0.0003
9081	0.1799	0.4102
9082	0.2350	0.4967
9084	0.3467	0.5578
9085	0.0676	0.4060
9086	0.0458	0.1001
9088	0.1653	0.4239
9089	0.0718	0.4328
9092	0.0003	0.0003
9094	0.0006	0.0006
9095	0.1595	0.0287
9097	0.2269	0.4101
9098	0.1413	0.1874
9099	0.0121	0.7801
9100	0.0006	0.0006
9101	0.0006	0.0006
9102	0.0135	0.0495
9103	0.0741	0.0310
9106	0.0111	0.7792
9107	0.0111	0.7792
9108	0.1303	0.2209
9109	0.0009	0.0070
9110	0.2773	0.3939
9111	0.0003	0.0003
9112	0.1384	0.1677
9113	0.0796	0.1845
9116	0.1307	0.1449
9117	0.1623	0.1732
9118	0.0006	0.0026
9119	0.1341	0.1479
9123	0.1193	0.1578
9124	0.2116	0.3361
9125	0.0685	0.0381
9126	0.1053	0.1248
9127	0.2190	0.2965
9128	0.0699	0.0383
9129	0.1708	0.1764
9130	0.1708	0.1764
9132	0.0053	0.0102
9133	0.0003	0.0003
9138	0.0003	0.0003
9139	0.0003	0.0003
9141	0.1069	0.0877
9142	0.1745	0.2025
9143	0.0839	0.0515
9144	0.0986	0.0847
9145	0.1891	0.2160
9146	0.0823	0.0511
9147	0.1049	0.1098
9148	0.0159	0.0581
9150	0.1230	0.1393
9152	0.1879	0.2791
9154	0.0817	0.0511
9156	0.2182	0.3419
9157	0.2784	0.0278
9158	0.0699	0.0383
9159	0.0003	0.0003
9161	0.1151	0.1582
9162	0.1283	0.0115
9163	0.1629	0.2689
9164	0.0777	0.0517
9165	0.1365	0.2172
9166	0.0740	0.0579
9167	0.1053	0.1248
9168	0.2190	0.2965
9169	0.0699	0.0383
9173	0.1593	0.1851
9174	0.1593	0.1851
9176	0.2784	0.0278
9177	0.2784	0.0278
9186	0.0006	0.0099
9187	0.0205	0.0268
9189	0.0003	0.0003
9190	0.0205	0.0269
9196	0.0003	0.0003
9197	0.0003	0.0003
9199	0.1029	0.0856
9200	0.3371	0.0345
9201	0.1698	0.2060
9202	0.0232	0.0009
9203	0.0823	0.0511
9205	0.0986	0.0847
9206	0.1891	0.2160
9207	0.0823	0.0511
9208	0.0060	0.0335
9209	0.0060	0.0335
9211	0.3371	0.0345
9212	0.0232	0.0009
9214	0.0003	0.0003
9218	0.1113	0.1381
9219	0.2808	0.0251
9220	0.1113	0.1381
9221	0.2808	0.0251
9225	0.0416	0.0561
9226	0.0283	0.1214
9228	0.0969	0.1099
9229	0.0396	0.1544
9231	0.2531	0.3759
9233	0.2925	0.3717
9234	0.2925	0.3717
9235	0.4273	0.4185
9236	0.4273	0.4185
9237	0.0030	0.0081
9238	0.0003	0.0003
9239	0.0003	0.0003
9240	0.5428	0.7018
9242	0	0
9244	0.0010	0.0033
9245	0.1504	0.2510
9246	0	0
9247	0.1116	0.1859
9249	0.0010	0.0009
9250	0.1021	0.5269
9251	0.0009	0.0009
9252	0.4514	0.4234
9253	0.0097	0.0066
9254	0.0053	0.0255
9259	0.1392	0.1705
9260	0.2156	0.3285
9261	0.0817	0.0511
9262	0.1514	0.1565
9263	0.2211	0.3438
9264	0.0006	0.0267
9265	0.2808	0.0251
9266	0.0006	0.0006
9267	0.0006	0.0006
9268	0	0
9269	0.0003	0.0003
9271	0	0
9273	0.3738	0.3506
9274	0.1240	0.1571
9276	0.1316	0.1664
9279	0.0303	0.0251
9288	0.4825	0.3285
9289	0.0009	0.0012
9291	0.0003	0.0003
9292	0.0082	0.0036
9294	0.0032	0.0026
9295	0.0033	0.0319
9297	0.0013	0.0006
9306	0.0397	0.0676
9307	0.0121	0.0051
9308	0.0496	0.2358
9309	0.0898	0.3246
9310	0.0205	0.3580
9311	0.0667	0.1233
9312	0.0744	0.1482
9313	0.0006	0.0006
9314	0.0003	0.0003
9316	0.0003	0.0003
9317	0.0555	0.4864
9318	0.0006	0.0006
9325	0.1025	0.6341
9326	0.0006	0.0077
9331	0.0006	0.0006
9338	0.0003	0.0003
9341	0.0003	0.0003
9346	0.0006	0.0072
9347	0.0003	0.0003
9349	0.0003	0.0003
9358	0.0003	0.0003
9360	0.0449	0.0148
9366	0.0003	0.0003
9372	0.0053	0.0006
9375	0.0003	0.0003
9376	0.0087	0.1820
9378	0.0089	0.4025
9379	0.0003	0.0003
9380	0.0200	0.3356
9381	0.4237	0.7178
9389	0	0
9394	0.2808	0.0251
9395	0.0003	0.0003
9396	0.0642	0.0498
9399	0.1451	0.1822
9401	0.2367	0.3384
9403	0.0003	0.0003
9404	0.0032	0.0019
9405	0.0112	0.0233
9408	0.0006	0.0006
9409	0	0
9410	0.0003	0.0003
9411	0.0003	0.0003
9414	0.0003	0.0003
9415	0.0003	0.0003
9416	0.0003	0.0003
9420	0.0006	0.0006
9423	0.2698	0.2432
9424	0.0877	0.0613
9425	0.4388	0.3668
9426	0.2961	0.2806
9427	0.0003	0.0003
9428	0.0003	0.0003
9431	0.0003	0.0003
9432	0.0618	0.2661
9435	0.0250	0.5776
9436	0.0003	0.0003
9437	0	0
9438	0.0003	0.0003
9439	0.0003	0.0003
9443	0.0003	0.0003
9445	0.0003	0.0003
9446	0.0003	0.0003
9451	0.1469	0.1561
9452	0.0183	0.0192
9507	0	0
9521	0	0
9522	0	0
9523	0	0
9536	0	0
9538	0	0
9539	0	0
9579	0.0003	0.0003
9581	0	0
9582	0	0
9583	0	0
9593	0	0
9605	0.0554	0.0841
9607	0.1809	0.1304
9611	0	0
9615	0.3164	0.2183
9617	0.0090	0.0013
9628	0.0017	0.0022
9635	0	0
9636	0.0028	0.0048
9637	0	0
9653	0.1313	0.1686
9654	0	0
9657	0	0
9668	0	0
9678	0.0003	0.0003
9712	0.0003	0.0003
9713	0.0003	0.0003
9743	0	0
9746	0	0
9750	0	0
9758	0	0
9765	0	0
9767	0	0
9772	0	0
9785	0	0
9847	0.0003	0.0003
9877	0	0
9881	0	0
9882	0	0
9889	0.0622	0.0535
9890	0.0039	0.0089
9891	0.0009	0.0009
9892	0.0051	0.0092
9893	0.0009	0.0009
9894	0.0006	0.0026
9898	0	0
9916	0	0
9924	0	0
9966	0	0
9968	0	0
9972	0.0003	0.0003
9975	0.0080	0.0031
9976	0	0
9982	0.0299	0.0672
9986	0.0003	0.0003
9987	0.5507	0.5480
9991	0.0434	0.1802
10024	0	0
10027	0	0
10033	0.0003	0.0003
10035	0.0037	0.0038
10038	0.0030	0.0020
10045	0.0003	0.0003
10109	0	0
10124	0.0003	0.0003
10125	0	0
10126	0	0
10133	0.0096	0.0006
10138	0.1197	0.0089
10181	0.0151	0.0211
10206	0	0
10207	0	0
10308	0.0003	0.0003
10309	0.0003	0.0003
10333	0	0
10340	0.0019	0.0088
10383	0.0278	0.3497
10393	0.0003	0.0003
10410	0.0278	0.3497
10447	0	0
10461	0	0
10466	0.0006	0.0122
10467	0.1582	0.1537
10468	0.0642	0.0556
10498	0.2720	0.0246
10556	0.0622	0.0535
10557	0.0009	0.0009
10558	0.0039	0.0089
10563	0.0003	0.0003
10564	0.0003	0.0003
10576	0	0
10604	0.0009	0.0009
10605	0.0043	0.0094
10608	0.0963	0.0634
10628	0.0003	0.0003
10629	0.0030	0.0073
10646	0	0
10648	0	0
10827	0	0
10829	0	0
10876	0.0017	0.0224
10911	0.0003	0.0003
10941	0.0003	0.0003
10948	0	0
10951	0.0003	0.0003
10974	0	0
12501	0.0003	0.0003
12506	0	0
15002	0.1367	0.1356
15031	0.0528	0.0832
15035	0.0039	0.0080
15036	0.0039	0.0080
15074	0.0062	0.0022
15075	0.1392	0.1422
15077	0.1434	0.1543
15078	0.1409	0.1432
15079	0.1979	0.3495
15081	0.0493	0.0363
15085	0	0
15087	0.0013	0.2070
15093	0.0003	0.0003
15095	0.0003	0.0003
15097	0	0
15098	0.0778	0.1769
15099	0.0010	0.3236
15101	0.0006	0.0006
15103	0.0264	0.1209
15105	0.0006	0.0041
15108	0.0003	0.0003
15109	0.0003	0.0003
15112	0	0
15114	0.0006	0.0006
15116	0.1356	0.1900
15123	0.0003	0.0003
15125	0.0006	0.0006
15128	0.0003	0.0003
15129	0.0003	0.0003
15137	0.0003	0.0003
15142	0.0003	0.0003
15144	0.1455	0.1631
15145	0	0
15149	0	0
15153	0	0
15154	0.0003	0.0003
15157	0.0003	0.0003
15159	0.0003	0.0003
15166	0.0003	0.0003
15171	0.0459	0.0528
15172	0.0003	0.0003
15173	0	0
15175	0.0006	0.0006
15179	0.0455	0.0087
15195	0.0003	0.0003
15197	0.0031	0.1133
15203	0	0
15204	0.0003	0.0003
15205	0.0006	0.0078
15211	0.0003	0.0003
15215	0.0003	0.0003
15216	0.0003	0.0003
15217	0.0003	0.0003
15221	0.0003	0.0003
15225	0.0003	0.0003
15232	0.0010	0.2473
15234	0.0003	0.0003
15235	0.4744	0.5783
15238	0.0006	0.0006
15250	0.0003	0.0003
15267	0.0029	0.0024
15276	0	0
15288	0.0012	0.0010
15291	0.1208	0.1228
15293	0.1423	0.1541
15294	0.1379	0.1649
15295	0.1732	0.2083
15296	0.0271	0.0132
15297	0.0039	0.0031
15298	0.0048	0.0030
15299	0.0048	0.0030
15301	0.0003	0.0003
15307	0	0
15321	0.0003	0.0003
15343	0.1283	0.0158
15370	0.1090	0.0478
15385	0.0003	0.0003
15399	0.1022	0.1501
15405	0.1022	0.1501
15407	0	0
15411	0.0003	0.0003
15412	0.0003	0.0003
15415	0.0003	0.0003
15416	0.0003	0.0003
15417	0	0
15419	0.1736	0.2422
15420	0.5322	0.4681
15439	0.0003	0.0003
15446	0.0003	0.0003
15450	0.0120	0.0360
15485	0	0
15489	0	0
15491	0.0006	0.0006
15501	0.0003	0.0003
15542	0	0
15556	0.0531	0.0537
15562	0.0003	0.0003
15565	0.0003	0.0003
15577	0.0003	0.0003
15594	0	0
15595	0	0
15603	0.1283	0.0158
15604	0.1397	0.1907
15605	0.0006	0.0006
15606	0	0
15627	0.0154	0.0285
15628	0.0154	0.0285
15630	0.0003	0.0003
15643	0.0003	0.0003
15649	0	0
15655	0.0003	0.0003
15658	0.0003	0.0003
15662	0.3310	0.1938
15665	0.0052	0.0045
15666	0.0006	0.0006
15667	0	0
15669	0.0026	0.0006
15671	0.0026	0.0006
15672	0.1677	0.2051
15675	0.0010	0.3236
15684	0.0003	0.0003
15688	0.1189	0.0153
15689	0.0778	0.1769
15693	0.0003	0.0003
15694	0	0
15695	0.0003	0.0003
15696	0.0003	0.0003
15697	0.0003	0.0003
15698	0.1157	0.1700
15700	0.0003	0.0003
15703	0.0003	0.0003
15706	0	0
15711	0.0428	0.0355
15716	0.2123	0.6763
15718	0.0070	0.0021
15725	0.0003	0.0003
15727	0.0003	0.0003
15734	0.0139	0.1255
15740	0.0531	0.0537
15746	0.0003	0.0003
15749	0.0003	0.0003
15750	0.0003	0.0003
15751	0	0
15753	0.0003	0.0003
15757	0	0
15758	0	0
15762	0	0
15766	0.0003	0.0003
15768	0.0003	0.0003
15772	0.0003	0.0003
15774	0.0589	0.3187
15791	0.0003	0.0003
15796	0.0003	0.0003
15797	0	0
15800	0.0003	0.0003
15801	0	0
15803	0.0003	0.0003
15804	0.0228	0.0049
15807	0.0003	0.0003
15813	0.0003	0.0003
15821	0.0003	0.0003
15826	0.0003	0.0003
15829	0	0
15833	0.0085	0.0742
15837	0.0003	0.0003
15838	0.0003	0.0003
15840	0.0003	0.0003
15846	0.0003	0.0003
15849	0.0502	0.0368
15850	0.0029	0.0029
15851	0.0006	0.0078
15858	0.0003	0.0003
15878	0.0003	0.0003
15886	0.0017	0.0849
15888	0.0006	0.0006
15889	0.0047	0.1540
15891	0.1189	0.0153
15893	0.0010	0.0009
15920	0.0026	0.0341
15922	0.0003	0.0003
15923	0.0006	0.0006
15925	0.1399	0.2690
15926	0.0006	0.0062
15927	0.0003	0.0003
15928	0.0003	0.0003
15929	0.0003	0.0003
15930	0.2340	0.5794
15931	0.0003	0.0003
15932	0.0036	0.0043
15934	0.0734	0.0489
15935	0.3782	0.2122
15936	0.1413	0.1546
15937	0.1055	0.1684
15939	0.0040	0.4015
15940	0.0072	0.4940
15941	0.0003	0.0003
15942	0.2331	0.5517
15945	0	0
15946	0	0
15947	0.0214	0.1117
15948	0.0214	0.1117
15969	0.0009	0.0009
15975	0.0214	0.1117
15976	0.0003	0.0003
15977	0.0025	0.0010
15979	0.0022	0.0254
15980	0.1009	0.1317
15985	0.2689	0.2201
15986	0.2689	0.2201
15988	0.1405	0.1833
15990	0.0003	0.0003
15991	0.1531	0.1944
15992	0.1383	0.1730
15994	0.0018	0.1364
15995	0.0018	0.1488
15996	0	0
16020	0.2735	0.2624
16021	0.1941	0.1827
16024	0.0081	0.0006
16032	0.0003	0.0003
16034	0	0
16036	0.0003	0.0003
16037	0	0
16042	0.0021	0.0032
16043	0.0938	0.1237
16049	0	0
16050	0	0
16051	0.1009	0.1286
16052	0.0782	0.1630
16053	0.2399	0.3040
16054	0.0830	0.1917
16064	0	0
16068	0	0
16070	0.1080	0.1027
16071	0.0018	0.0144
16072	0.1024	0.0394
16075	0.0003	0.0003
16104	0.0003	0.0003
16108	0.0006	0.0006
16109	0.0006	0.0006
16114	0.1885	0.0975
16116	0.0006	0.0006
16117	0.0006	0.0006
16137	0.0003	0.0003
16138	0.0003	0.0003
16149	0.0063	0.0176
16151	0.2168	0.2914
16153	0.0003	0.0003
16154	0.0003	0.0003
16157	0	0
16158	0.0003	0.0003
16159	0.0003	0.0003
16160	0	0
16161	0	0
16163	0.1332	0.1674
16168	0	0
16192	0.0003	0.0003
16208	0	0
16209	0.0083	0.0071
16211	0.0010	0.0010
16226	0.0049	0.0199
16229	0	0
16234	0	0
16259	0.0006	0.0006
16260	0.0006	0.0006
16265	0.0006	0.0006
16278	0.0003	0.0003
16279	0.0003	0.0003
16289	0.0003	0.0003
16295	0	0
16296	0	0
16297	0	0
16298	0.0009	0.0010
16300	0.0003	0.0003
16301	0.0635	0.0594
16310	0.0631	0.0610
16311	0.0072	0.0059
16337	0	0
16405	0.1640	0.1609
16406	0	0
16407	0.0095	0.0098
16408	0.0003	0.0003
16409	0	0
16410	0.0087	0.0088
16411	0	0
16412	0.0003	0.0003
16413	0.0013	0.0120
16415	0.0003	0.0003
16416	0	0
16417	0.0003	0.0003
16419	0.0003	0.0003
16420	0.0003	0.0003
16421	0.0555	0.4864
16423	0.0013	0.0055
16426	0.0010	0.0009
16429	0.0006	0.0006
16433	0.0043	0.0017
16434	0.0006	0.0006
16435	0.0003	0.0003
16436	0.0003	0.0003
16437	0.0003	0.0003
16453	0.0003	0.0003
16462	0.1692	0.1514
16469	0.1791	0.2007
16482	0.0140	0.0856
16485	0.0110	0.0039
16491	0.1784	0.1748
16539	0.0144	0.0049
16567	0	0
16568	0.0003	0.0003
16569	0.0003	0.0003
16570	0.0003	0.0003
16571	0.0003	0.0003
16573	0	0
16597	0.0305	0.0220
16598	0.0003	0.0003
16610	0.0003	0.0003
16612	0.0003	0.0003
16614	0.0306	0.0335
16615	0.0043	0.0135
16616	0.0320	0.0346
16618	0.0003	0.0003
16620	0.0144	0.0049
16624	0.1510	0.0588
16625	0.0092	0.0163
16627	0.0199	0.0382
16628	0.0244	0.1834
16634	0.0022	0.0021
16635	0.0003	0.0003
16636	0.0003	0.0003
16638	0.0473	0.0750
16639	0.0010	0.0010
16641	0.0117	0.0022
16642	0.1578	0.1466
16645	0.0685	0.0193
16646	0.0094	0.0045
16647	0.1629	0.1406
16651	0.2989	0.3807
16652	0.2436	0.0826
16653	0	0
16655	0.4195	0.4987
16657	0.0006	0.0006
16661	0.1705	0.1861
16662	0.0132	0.0006
16663	0.0003	0.0003
16667	0.0185	0.0246
16668	0.0023	0.0046
16671	0.0759	0.3285
16675	0.1503	0.1448
16676	0.1503	0.1448
16679	0.0006	0.0006
16681	0.0003	0.0003
16682	0.0003	0.0003
16684	0.0075	0.0061
16695	0.3570	0.1063
16699	0.3570	0.1063
16701	0.0227	0.0766
16702	0.0599	0.0888
16703	0.0003	0.0003
16705	0.0232	0.0220
16706	0.0585	0.0039
16708	0.0006	0.0006
16709	0.0003	0.0003
16712	0	0
16713	0	0
16714	0.0003	0.0003
16715	0	0
16717	0.0003	0.0003
16721	0.0009	0.0009
16722	0.0003	0.0003
16725	0.1773	0.2348
16726	0.0529	0.1517
16727	0.0003	0.0003
16728	0.0009	0.2070
16730	0.3101	0.1177
16731	0	0
16732	0.1332	0.1674
16740	0.2302	0.2255
16741	0.0469	0.0494
16742	0.0108	0.0480
16743	0.0092	0.0067
16744	0.0088	0.0280
16746	0.0305	0.0468
16747	0.0190	0.0289
16748	0.0010	0.0038
16749	0.0006	0.0006
16750	0.0003	0.0003
16755	0.0020	0.0059
16756	0	0
16757	0.0338	0.0440
16758	0.0231	0.0353
16763	0.1009	0.0879
16765	0.0434	0.0289
16769	0.0789	0.0219
16772	0.1013	0.0924
16773	0.0727	0.0613
16774	0.0067	0.0119
16775	0.0372	0.0119
16776	0.0149	0.0415
16778	0.0013	0.0034
16779	0.0352	0.0273
16780	0.0040	0.0047
16781	0.0003	0.0003
16782	0.0248	0.0471
16783	0.0102	0.0187
16785	0.0006	0.0209
16787	0.2923	0.2807
16788	0.0936	0.0878
16790	0.0035	0.0022
16791	0.0257	0.0157
16793	0.0003	0.0003
16796	0.0045	0.0298
16798	0.0972	0.1167
16799	0.0130	0.0079
16801	0.0010	0.0372
16802	0.0003	0.0003
16803	0.0006	0.0926
16805	0.0010	0.0021
16810	0.0383	0.0527
16811	0.0272	0.0500
16812	0.0025	0.0023
16813	0.0260	0.0047
16814	0.0314	0.1266
16817	0.1675	0.1503
16818	0.1676	0.1507
16820	0.1235	0.1526
16822	0.0003	0.0003
16823	0.0003	0.0003
16824	0	0
16829	0.0938	0.1118
16830	0.0411	0.0265
16831	0.0181	0.0166
16832	0.0191	0.0046
16833	0.0039	0.0046
16835	0.0601	0.0790
16836	0.0715	0.0873
16837	0.0006	0.0006
16838	0.0357	0.1237
16840	0.0224	0.0341
16841	0.0430	0.0723
16842	0.0059	0.0044
16843	0.0003	0.0003
16846	0.0017	0.0017
16849	0.0199	0.0269
16851	0.0010	0.5401
16852	0.0003	0.0003
16853	0.0560	0.0553
16854	0.0073	0.0178
16855	0.0090	0.0250
16857	0.0072	0.0225
16859	0.0318	0.0721
16860	0.0601	0.1087
16861	0.0908	0.1768
16862	0	0
16863	0.0040	0.0017
16866	0.0209	0.0239
16867	0.0006	0.0006
16868	0.0052	0.0065
16869	0.0006	0.0006
16872	0.0006	0.0006
16874	0.1548	0.1543
16875	0.2583	0.1927
16876	0.2583	0.1927
16877	0.0639	0.1496
16878	0.0639	0.1496
16879	0.1067	0.1511
16880	0.0017	0.0017
16881	0.0989	0.1013
16882	0.0010	0.0025
16884	0.1002	0.2060
16885	0.0475	0.3108
16886	0.0050	0.0665
16887	0.1215	0.1180
16888	0.0031	0.0029
16889	0.0006	0.0006
16891	0.0186	0.0102
16892	0.0003	0.0003
16893	0.0162	0.0263
16894	0.0139	0.0039
16895	0.0033	0.0077
16896	0.0013	0.0013
16899	0	0
16901	0.0031	0.0031
16903	0.0656	0.0504
16920	0.0003	0.0003
16977	0	0
16979	0.0003	0.0003
16984	0.1751	0.7792
16985	0.0003	0.0003
16987	0.0035	0.0029
16989	0.0003	0.0003
16990	0.0003	0.0003
16992	0.0003	0.0003
16993	0.0003	0.0003
16994	0.0003	0.0003
16995	0	0
16997	0.0003	0.0003
16998	0.0186	0.0041
16999	0.0027	0.0091
17000	0.0006	0.0006
17001	0.0010	0.0021
17003	0.0003	0.0003
17004	0.0097	0.1434
17006	0.0003	0.0003
17007	0	0
17009	0	0
17038	0.0006	0.0006
17040	0	0
17057	0.0006	0.0006
17076	0.2419	0.2078
17111	0.1675	0.1510
17144	0.0027	0.0091
17148	0.0003	0.0003
17150	0.0003	0.0003
17153	0.0164	0.0033
17169	0.0003	0.0003
17171	0.0170	0.0227
17172	0.0003	0.0003
17174	0	0
17187	0	0
18024	0.0003	0.0003
18063	0	0
18065	0.0916	0.1612
18101	0.0003	0.0003
18106	0.0614	0.0009
18108	0	0
18112	0.0003	0.0003
18130	0.1601	0.1688
18149	0	0
18160	0.0003	0.0003
18189	0.0003	0.0003
18193	0.0259	0.0333
18195	0.0003	0.0003
18198	0.0003	0.0003
18200	0	0
18202	0.0614	0.0009
18205	0.0003	0.0003
18208	0.0330	0.0749
18212	0.0003	0.0003
18214	0	0
18271	0.0010	0.0010
18298	0.0003	0.0003
18307	0.0003	0.0003
18364	0.0003	0.0003
18393	0	0
18394	0	0
18410	0.0003	0.0003
18492	0.3233	0.4792
18493	0.0160	0.2703
18498	0	0
18522	0.0003	0.0003
18579	0	0
18580	0.0003	0.0003
18659	0	0
18662	0	0
18685	0	0
18697	0.0003	0.0003
18710	0.0003	0.0003
18738	0.0003	0.0003
18740	0	0
18759	0.0003	0.0003
18796	0	0
18799	0	0
18814	0	0
18822	0	0
18836	0	0
18849	0	0
18850	0	0
18874	0	0
18904	0.0003	0.0003
18941	0	0
18942	0	0
18958	0.0003	0.0003
18962	0	0
18995	0	0
19001	0.0477	0.0611
19008	0.0003	0.0003
19012	0.0613	0.1523
19013	0.0003	0.0003
19015	0.1772	0.5836
19028	0.0021	0.0034
19031	0.0003	0.0003
19038	0.1772	0.5836
19048	0	0
19058	0.0003	0.0003
19064	0	0
19068	0.0003	0.0003
19069	0.0003	0.0003
19076	0	0
19080	0	0
19083	0	0
19104	0.0060	0.0066
19120	0	0
19134	0.0003	0.0003
19136	0.0003	0.0003
19143	0.0003	0.0003
19146	0.0003	0.0003
19148	0	0
19171	0.0003	0.0003
19184	0.0064	0.0036
19200	0.0049	0.0059
19201	0.0264	0.1930
19202	0.0009	0.0257
19203	0.0022	0.0016
19205	0.0166	0.0874
19206	0.0125	0.0292
19207	0.0006	0.0033
19213	0.0165	0.0129
19219	0.0582	0.0485
19220	0.0017	0.0023
19222	0.0685	0.0600
19226	0	0
19238	0.0226	0.0479
19239	0.0096	0.0168
19240	0.0003	0.0003
19242	0.0003	0.0003
19251	0.0003	0.0003
19262	0.0003	0.0003
19264	0.0003	0.0003
19276	0.1960	0.1600
19277	0.1960	0.1600
19279	0.0003	0.0003
19281	0.0003	0.0003
19284	0.0029	0.1701
19285	0	0
19288	0.5428	0.7018
19290	0.0030	0.0081
19294	0.1281	0.1495
19295	0.4256	0.1589
19296	0.4256	0.1589
19299	0.0091	0.2609
19301	0.0003	0.0003
19303	0.0003	0.0003
19310	0	0
19318	0.0714	0.1915
19319	0.0073	0.0776
19320	0.0593	0.2474
19321	0.0755	0.1507
19323	0.0352	0.3680
19333	0.0003	0.0003
19344	0.0009	0.3163
19350	0	0
19354	0.0003	0.0003
19357	0.0003	0.0003
19358	0.0003	0.0003
19359	0.0390	0.4682
19362	0.0515	0.2018
19363	0.0390	0.4682
19364	0.0003	0.0003
19365	0.0003	0.0003
19374	0	0
19375	0	0
19377	0.0003	0.0003
19379	0.0003	0.0003
19380	0	0
19395	0	0
19400	0.0147	0.0820
19402	0.0003	0.0003
19405	0.0006	0.0006
19419	0.0003	0.0003
19427	0	0
19428	0.0003	0.0003
19438	0.1526	0.1608
19439	0.0816	0.0736
19441	0.0006	0.0118
19464	0.1660	0.4515
19475	0.0003	0.0003
19477	0.0003	0.0003
19478	0.0003	0.0003
19491	0	0
19509	0.0896	0.2355
19512	0.0003	0.0003
19516	0.0003	0.0003
19518	0	0
19520	0.0010	0.0010
19521	0.0003	0.0003
19534	0	0
19538	0.2035	0.1999
19540	0.0003	0.0003
19541	0.0006	0.0006
19543	0.0006	0.0006
19544	0.0426	0.1372
19545	0.4524	0.1645
19547	0.0003	0.0003
19553	0	0
19556	0.3881	0.7901
19557	0.3881	0.7901
19563	0.0006	0.0006
19566	0.0571	0.0416
19568	0.0800	0.0932
19569	0.0800	0.0932
19572	0.0800	0.0932
19583	0.0003	0.0003
19584	0.0003	0.0003
19585	0.1230	0.1482
19594	0.0003	0.0003
19605	0	0
19626	0.0006	0.0006
19627	0.4485	0.6276
19628	0.0003	0.0003
19632	0.0003	0.0003
19634	0.7296	0.7261
19637	0.1979	0.2277
19645	0.0003	0.0003
19646	0.0003	0.0003
19665	0.0006	0.0006
19670	0.0003	0.0003
19673	0.0003	0.0003
19674	0.0392	0.4655
19682	0.5428	0.7018
19684	0.0003	0.0003
19685	0	0
19692	0.2305	0.0299
19693	0.1453	0.1739
19695	0	0
19700	0.0812	0.3210
19720	0.1271	0.2353
19724	0	0
19725	0.0253	0.0111
19740	0.0124	0.0224
19742	0.0003	0.0003
19744	0.0003	0.0003
19745	0.0003	0.0003
19746	0.0003	0.0003
19748	0.0038	0.0050
19751	0.0131	0.0563
19752	0.2912	0.3072
19755	0.0003	0.0003
19774	0.0003	0.0003
19787	0	0
19805	0.0006	0.0006
19808	0.0003	0.0003
19825	0.0029	0.0006
19829	0.2719	0.3382
19835	0.0019	0.0020
19836	0.0003	0.0003
19842	0.0248	0.0535
19843	0.3905	0.3205
19856	0.0288	0.2677
19860	0.0003	0.0003
19864	0	0
19865	0	0
19866	0	0
19867	0.0398	0.0374
19877	0.0240	0.3935
19882	0	0
19887	0.0006	0.0033
19898	0	0
19899	0.0006	0.0006
19900	0	0
19901	0	0
19932	0.0003	0.0003
19941	0.0003	0.0003
19954	0.0028	0.0025
19988	0.0003	0.0003
20002	0	0
20012	0	0
20037	0.0672	0.0422
22402	0.0187	0.0872
22406	0	0
22411	0.0598	0.0108
22603	0.2269	0.2728
22604	0.2391	0.2878
22607	0.0782	0.0906
22610	0.0021	0.0023
22613	0.1116	0.0941
22616	0.0003	0.0003
22618	0.0003	0.0003
22623	0.0003	0.0003
22624	0.0003	0.0003
22803	0.0029	0.0024
22804	0.1213	0.1523
22820	0.0003	0.0003
22829	0.0012	0.0010
22832	0.0003	0.0003
22834	0	0
22836	0.0003	0.0003
22838	0.0023	0.0025
22839	0.0003	0.0003
22843	0	0
22857	0.1289	0.1404
22858	0.0003	0.0003
22884	0.0112	0.0356
22889	0.0003	0.0003
22890	0.1226	0.1270
22891	0.1273	0.1400
22892	0.1256	0.1387
22900	0.2002	0.2053
22904	0.1249	0.1368
23014	0.0376	0.0109
23021	0	0
23051	0	0
23052	0.0718	0.0461
23057	0	0
30001	0.1012	0.1245
30002	0.0003	0.0003
30003	0.0303	0.0078
30029	0	0
30030	0.0554	0.0730
30031	0.0487	0.0666
30036	0	0
30054	0	0
30058	0	0
30060	0.0003	0.0003
30076	0.0003	0.0003
30077	0.0003	0.0003
30089	0	0
30091	0.1253	0.0977
30115	0	0
30145	0.0310	0.0308
30149	0.0003	0.0003
30151	0.0084	0.0086
30153	0.0003	0.0003
30154	0.0017	0.0059
30163	0.1575	0.0113
30170	0.0698	0.0486
30174	0.0003	0.0003
30203	0.1270	0.1268
30234	0.0050	0.0073
30243	0.0003	0.0003
30244	0	0
30245	0.0003	0.0003
30246	0.0174	0.0245
30247	0.0003	0.0003
30248	0	0
30253	0.0003	0.0003
30254	0.0003	0.0003
30255	0.0018	0.0006
30256	0.0003	0.0003
30257	0.0003	0.0003
30258	0.0017	0.0033
30259	0.0010	0.0010
30260	0	0
30261	0.0025	0.0662
30267	0	0
30270	0.0003	0.0003
30272	0.0003	0.0003
30288	0.0278	0.0075
30308	0	0
30312	0.0496	0.0382
30313	0.0559	0.0426
30407	0.0003	0.0003
30409	0.0003	0.0003
30410	0	0
30414	0.0006	0.0116
30416	0	0
30417	0	0
30418	0	0
30420	0.0009	0.0009
30429	0.0003	0.0003
30430	0	0
30435	0.0017	0.0059
30436	0.0003	0.0003
30488	0.0013	0.0087
30492	0.0003	0.0003
30493	0	0
30494	0	0
30522	0	0
30529	0.2293	0.1985
30551	0.0006	0.0006
30554	0.2182	0.1836
30570	0	0
30580	0.0003	0.0003
30599	0.0003	0.0003
30600	0	0
30604	0.0003	0.0003
30611	0.0003	0.0003
30613	0.0003	0.0003
30614	0.0003	0.0003
30632	0.0003	0.0003
30643	0.0003	0.0003
30653	0.0006	0.0006
30654	0.0003	0.0003
30655	0.0003	0.0003
30674	0.0003	0.0003
30682	0	0
30694	0.3872	0.6699
30695	0.0003	0.0003
30696	0.0003	0.0003
30698	0.0003	0.0003
30699	0	0
30700	0	0
30701	0	0
30788	0.0003	0.0003
30798	0.0003	0.0003
30811	0.0006	0.0026
30894	0.0006	0.0006
30908	0.0144	0.0049
30955	0.0006	0.0006
30975	0.0003	0.0003
30976	0.0163	0.0033
30983	0.0197	0.0647
31012	0.0003	0.0003
31071	0.0237	0.0006
31072	0.0003	0.0003
31090	0	0
31106	0.0003	0.0003
31119	0.0283	0.0365
31123	0.0006	0.0006
31124	0	0
31127	0	0
31160	0	0
31163	0.0049	0.0199
31167	0.0150	0.0198
31176	0	0
31177	0.0003	0.0003
31224	0.1943	0.1832
31226	0.0077	0.0063
31230	0	0
31241	0.0050	0.0006
31263	0.0003	0.0003
31323	0.0646	0.0552
31324	0.0051	0.0093
31325	0.0009	0.0009
31326	0.0622	0.0535
31327	0.0039	0.0089
31328	0.0009	0.0009
31329	0.0006	0.0026
31333	0	0
31344	0.0003	0.0003
31345	0.0003	0.0003
31347	0	0
31348	0	0
31360	0	0
31361	0	0
31365	0	0
31386	0	0
31388	0.0003	0.0003
31399	0.0006	0.0029
31402	0.0003	0.0003
31404	0	0
31406	0.0254	0.0275
31410	0.0003	0.0003
31411	0	0
31412	0	0
31418	0.1017	0.0006
31419	0.0097	0.1279
31420	0.0010	0.0009
31455	0	0
31456	0	0
31460	0.0003	0.0003
31490	0.0003	0.0003
31491	0.0003	0.0003
31492	0.0003	0.0003
31497	0	0
31515	0.0003	0.0003
31532	0	0
31554	0.0758	0.0533
31555	0.1061	0.0739
31564	0.1061	0.0739
31597	0.0087	0.1820
31640	0.0003	0.0003
31647	0	0
31667	0.0006	0.0006
31668	0.0434	0.1802
31669	0.0006	0.0006
31967	0	0
31975	0.0557	0.0425
31977	0	0
31982	0.0003	0.0003
31988	0	0
31992	0	0
32069	0.0003	0.0003
32074	0.0003	0.0003
32091	0	0
32101	0.0003	0.0003
32153	0.0023	0.0023
32156	0.0003	0.0003
32185	0.0003	0.0003
32196	0.0920	0.0326
32217	0.0003	0.0003
32218	0.0003	0.0003
32259	0.0457	0.0473
32261	0.0006	0.0006
32262	0.1197	0.0089
32268	0.0835	0.0564
32269	0.0003	0.0003
32270	0.0006	0.0006
32297	0.0003	0.0003
32318	0	0
32319	0	0
32320	0	0
32321	0	0
32324	0.1271	0.2353
32328	0.0003	0.0003
32329	0.0003	0.0003
32392	0.1391	0.2394
32403	0.0003	0.0003
32446	0	0
32465	0.0003	0.0003
32466	0	0
32501	0.0003	0.0003
32502	0.0968	0.1229
32505	0.0031	0.0033
32506	0.0256	0.0186
32508	0.1391	0.2394
32549	0.2442	0.2058
32550	0.2409	0.2031
32553	0.2405	0.2054
32555	0.2394	0.2020
32559	0.2161	0.1811
32561	0.0477	0.0611
32774	0.0620	0.0522
32775	0.0063	0.0024
32776	0.0039	0.0006
32780	0.0003	0.0003
32781	0	0
32784	0.0452	0.0050
32787	0.0765	0.1505
32843	0	0
32856	0	0
32862	0	0
32879	0.0003	0.0003
32880	0	0
32934	0.0017	0.0029
32940	0.0396	0.0671
32954	0.0003	0.0003
32955	0.0003	0.0003
32973	0	0
32984	0.0598	0.0108
32989	0.2292	0.2945
32991	0.1741	0.1561
32993	0.0006	0.0006
33013	0.2876	0.3588
33014	0.3002	0.3813
33015	0.0006	0.0043
33036	0.0656	0.0986
33037	0.0589	0.3187
33043	0.0003	0.0003
33121	0.0006	0.0026
33124	0.0003	0.0003
33172	0	0
33176	0.0032	0.1592
33177	0.0260	0.0685
33178	0.2552	0.3614
33179	0.0032	0.1592
33202	0.0003	0.0003
33212	0.1111	0.0148
33214	0.1189	0.0153
33218	0.0047	0.0027
33281	0.0097	0.0006
33293	0.0050	0.0021
33294	0	0
33353	0.0029	0.1701
33365	0.0140	0.0856
33467	0.0003	0.0003
33468	0.0003	0.0003
33539	0	0
33554	0.0756	0.1032
33558	0.0003	0.0003
33559	0	0
33643	0	0
33644	0	0
33646	0	0
33647	0	0
33648	0	0
33655	0	0
33670	0	0
33692	0.0691	0.1133
33717	0	0
33726	0.0003	0.0003
33732	0.0003	0.0003
33735	0.0003	0.0003
33739	0.0006	0.0006
33743	0.0003	0.0003
33758	0	0
33765	0	0
33816	0	0
33818	0.0003	0.0003
33819	0.0003	0.0003
33830	0	0
33856	0.0003	0.0003
33862	0.0003	0.0003
33863	0.0003	0.0003
33865	0.0940	0.1043
33866	0.1055	0.1684
33875	0.0940	0.1043
33897	0.0003	0.0003
33925	0.0003	0.0003
33926	0	0
33961	0	0
33971	0.0003	0.0003
33990	0	0
34017	0	0
34023	0.0003	0.0003
34030	0.1055	0.1684
34032	0.0940	0.1043
34033	0.1055	0.1684
34035	0.0009	0.0009
34061	0.0127	0.0078
34062	0.0548	0.0331
34068	0	0
34069	0.0003	0.0003
34192	0.0003	0.0003
34194	0.0003	0.0003
34212	0	0
34219	0.0006	0.0006
34220	0.0999	0.1433
34227	0.0006	0.0006
34228	0.0003	0.0003
34229	0.0003	0.0003
34257	0.0003	0.0003
34258	0.0003	0.0003
34284	0	0
34308	0	0
34311	0.0003	0.0003
34313	0.0003	0.0003
34318	0.0003	0.0003
34354	0.0003	0.0003
34357	0.0003	0.0003
34440	0	0
34470	0.1655	0.1555
34480	0.0003	0.0003
34599	0.0006	0.0006
34605	0.0003	0.0003
34613	0.0111	0.0539
34614	0.0006	0.0006
34618	0.0003	0.0003
34622	0.0180	0.0923
34627	0.0003	0.0003
34637	0.0664	0.1227
34639	0.0003	0.0003
34641	0.3128	0.3115
34645	0.1623	0.1591
34654	0.1016	0.1077
34655	0.0827	0.0602
34660	0.2732	0.2243
34661	0.0003	0.0003
34702	0	0
34703	0	0
34705	0	0
34708	0.0003	0.0003
34728	0	0
34968	0.0003	0.0003
34979	0.0003	0.0003
35023	0	0
35251	0.0003	0.0003
35335	0.0030	0.0029
35383	0.1082	0.1855
35384	0.0006	0.0006
35429	0.0003	0.0003
35433	0.0003	0.0003
35435	0.5421	0.3441
35438	0.0006	0.0006
35444	0.0010	0.3236
35447	0	0
35556	0.0451	0.0303
35595	0	0
35601	0.0003	0.0003
35637	0	0
35639	0.2411	0.2032
35725	0.0009	0.0010
35731	0	0
35821	0.0003	0.0003
35873	0.0003	0.0003
35998	0.0010	0.0009
35999	0.0181	0.0091
36009	0.0003	0.0003
36065	0	0
36068	0	0
36094	0.2763	0.2427
36211	0.0263	0.0395
36260	0.0183	0.0192
36265	0.0196	0.0192
36293	0	0
36294	0	0
36307	0.0003	0.0003
36338	0.0003	0.0003
36354	0	0
36355	0.0157	0.0006
36356	0.0003	0.0003
36361	0.0090	0.0250
36370	0	0
36422	0.0003	0.0003
36439	0.0003	0.0003
36440	0	0
36442	0.1268	0.1186
38023	0.0373	0.0109
38032	0	0
39633	0	0
39663	0	0
40007	0.0006	0.0006
40008	0	0
40011	0.2230	0.1885
40012	0.0071	0.0040
40013	0	0
40029	0.0925	0.0228
42025	0	0
42026	0.0003	0.0003
42030	0.0003	0.0003
42044	0.0003	0.0003
42054	0.0003	0.0003
42083	0.0064	0.0294
42084	0.0025	0.0267
42085	0.0003	0.0003
42120	0.0006	0.0006
42121	0.0003	0.0003
42122	0.0003	0.0003
42126	0.1160	0.3701
42128	0.0006	0.0006
42132	0.0012	0.0013
42157	0.0035	0.0010
42158	0.0051	0.0010
42167	0	0
42168	0.1846	0.2563
42173	0	0
42178	0.0003	0.0003
42180	0.0705	0.1519
42181	0.1033	0.1137
42182	0.0003	0.0003
42219	0.0006	0.0006
42221	0.0265	0.0392
42242	0.0003	0.0003
42245	0.0003	0.0003
42254	0.1116	0.0941
42255	0.0003	0.0003
42256	0.0003	0.0003
42262	0.0003	0.0003
42273	0	0
42274	0.0058	0.0108
42278	0.1167	0.1066
42279	0.0003	0.0003
42286	0.0003	0.0003
42287	0	0
42289	0	0
42301	0	0
42314	0	0
42316	0.0003	0.0003
42318	0.0003	0.0003
42325	0.0006	0.0026
42330	0.0533	0.0898
42350	0	0
42351	0	0
42357	0.0396	0.1544
42364	0.2773	0.3939
42365	0.0003	0.0003
42398	0.0261	0.1113
42399	0	0
42401	0.0898	0.3246
42402	0.0205	0.3580
42410	0.0003	0.0003
42430	0.1224	0.3874
42435	0.1815	0.1604
42436	0.0293	0.2120
42439	0.0956	0.3891
42440	0.0808	0.1469
42450	0.0003	0.0003
42451	0.1643	0.2194
42454	0.0783	0.0520
42455	0.1648	0.2746
42493	0.0010	0.0009
42537	0.0301	0.0821
42542	0.0006	0.0006
42545	0.0003	0.0003
42546	0.3585	0.3363
42548	0	0
42549	0	0
42558	0.0307	0.1076
42559	0.0385	0.1321
42575	0.0449	0.0148
42578	0.0268	0.0276
42586	0.0006	0.0006
42592	0.0225	0.0147
42594	0.0006	0.0006
42597	0.0260	0.0189
42601	0	0
42602	0.0003	0.0003
42618	0.0003	0.0003
42619	0.0003	0.0003
42623	0.1168	0.1503
42625	0.2613	0.3264
42626	0.1265	0.1664
42651	0.0003	0.0003
42710	0.0006	0.0105
42716	0.0003	0.0003
42723	0.0605	0.0944
42724	0.0969	0.1099
42726	0.2531	0.3759
42727	0.2531	0.3759
42732	0.0003	0.0003
42742	0.0090	0.0013
42743	0.0006	0.0006
42744	0.0006	0.0006
42763	0	0
42773	0.2645	0.3264
42777	0.4614	0.4697
42779	0.0003	0.0003
42780	0.0006	0.0006
42783	0	0
42802	0.0009	0.0009
42803	0.0006	0.0006
42816	0.0287	0.0847
42819	0.0287	0.0847
42822	0.0403	0.0191
42823	0.0403	0.0191
42851	0.0003	0.0003
42853	0.0003	0.0003
42866	0.0003	0.0003
42873	0.0003	0.0003
42879	0.0003	0.0003
42882	0	0
42883	0.0003	0.0003
42886	0.0059	0.0400
42887	0.0003	0.0003
42888	0.0003	0.0003
42891	0	0
42908	0.0003	0.0003
42910	0.0003	0.0003
42916	0.0003	0.0003
42919	0.0003	0.0003
42925	0.0003	0.0003
42927	0.1189	0.0153
42930	0	0
42931	0	0
42952	0	0
42953	0.0006	0.0391
42954	0.0006	0.0391
42981	0.0003	0.0003
42995	0.1268	0.1109
43021	0.0043	0.0088
43022	0.0069	0.0208
43023	0.0006	0.0006
43038	0.5388	0.3987
43039	0.5388	0.3987
43043	0.0060	0.0031
43067	0.0003	0.0003
43085	0.0006	0.0006
43086	0.0014	0.0036
43087	0.0003	0.0003
43093	0.0031	0.0033
43094	0.1306	0.2742
43096	0.0003	0.0003
43100	0.0003	0.0003
43101	0.0059	0.0136
43102	0.0896	0.2355
43115	0.1946	0.0392
43138	0.0003	0.0003
43140	0.0003	0.0003
43163	0.0182	0.1158
43165	0.0182	0.1158
43167	0.3663	0.3374
43168	0.2725	0.2381
43169	0.1907	0.1804
43170	0.3006	0.2994
43173	0.0154	0.1953
43174	0.0130	0.0689
43177	0.0254	0.0275
43178	0.0017	0.0029
43190	0.0196	0.0034
43211	0	0
43225	0.0839	0.2362
43226	0.2306	0.2136
43227	0.0018	0.0020
43228	0.2425	0.2218
43229	0.2311	0.2141
43231	0.0018	0.0020
43232	0.2425	0.2218
43234	0.0687	0.0905
43235	0	0
43241	0.0598	0.0108
43242	0	0
43244	0.0306	0.0374
43245	0	0
43254	0	0
43296	0	0
43335	0.0132	0.0006
43393	0	0
43412	0.0830	0.0848
43413	0.0006	0.0006
43414	0.0549	0.0316
43419	0.5394	0.8624
43420	0.0003	0.0003
43436	0.2926	0.3089
43446	0.0214	0.1117
43447	0.0214	0.1117
43461	0.0003	0.0003
43462	0.0003	0.0003
43467	0	0
43487	0	0
43488	0	0
43492	0.1265	0.1664
43527	0.0003	0.0003
43531	0	0
43543	0	0
43545	0.1271	0.2353
43547	0.0003	0.0003
43549	0	0
43565	0.0196	0.0143
43566	0.0192	0.0224
43570	0.0159	0.0431
43571	0.0159	0.0431
43590	0.0003	0.0003
43603	0.0714	0.1613
43604	0.0102	0.0953
43605	0.2337	0.3862
43606	0.3881	0.7901
43623	0.0190	0.0995
43624	0.0189	0.0058
43628	0.0006	0.0006
43631	0	0
43632	0.0003	0.0003
43639	0	0
43648	0.1351	0.2672
43649	0.0003	0.0003
43650	0.1947	0.3675
43656	0	0
43657	0	0
43682	0	0
43683	0	0
43687	0.0003	0.0003
43711	0.0012	0.0015
43733	0.0003	0.0003
43737	0.0003	0.0003
43752	0.0003	0.0003
43755	0	0
43768	0.0003	0.0003
43772	0.0003	0.0003
43773	0.0003	0.0003
43805	0.0003	0.0003
43815	0.0003	0.0003
43817	0.0003	0.0003
43822	0.0003	0.0003
43828	0.0003	0.0003
43856	0	0
43865	0.0003	0.0003
43874	0.0003	0.0003
43879	0.0003	0.0003
43884	0.0003	0.0003
43900	0	0
43901	0	0
43903	0	0
43933	0.0355	0.0647
43934	0.0025	0.0030
43937	0.0003	0.0003
43938	0	0
43952	0.0064	0.0287
43953	0.0097	0.0006
44003	0.0003	0.0003
44004	0.0003	0.0003
44010	0.0003	0.0003
44011	0	0
44033	0	0
44036	0.1064	0.1057
44038	0.3908	0.3663
44042	0.1184	0.3398
44085	0.1319	0.1456
44087	0.0009	0.0009
44091	0.0182	0.1158
44092	0.0014	0.0033
44093	0.0006	0.0006
44097	0.0018	0.0006
44106	0.0780	0.3681
44164	0	0
44179	0.0003	0.0003
44205	0.2956	0.3461
44206	0.1197	0.0089
44208	0.0003	0.0003
44209	0.0006	0.0006
44210	0.0006	0.0521
44211	0.0003	0.0003
44212	0.0003	0.0003
44215	0	0
44216	0	0
44217	0	0
44218	0	0
44237	0.5007	0.4962
44238	0.4686	0.4663
44242	0.0013	0.0013
44247	0.0013	0.0013
44248	0.1022	0.0968
44249	0.3057	0.3107
44255	0.0868	0.1404
44257	0.0642	0.0058
44260	0.2634	0.2591
44262	0.0546	0.0960
44264	0.0584	0.0997
44265	0.0515	0.0122
44267	0.2204	0.2164
44270	0.0832	0.0720
44271	0.1530	0.1628
44272	0.0553	0.0924
44275	0.0056	0.0080
44279	0	0
44281	0.3560	0.3610
44282	0.0765	0.1839
44283	0.2822	0.3468
44314	0	0
44318	0.0003	0.0003
44341	0.0003	0.0003
44349	0	0
44355	0.0121	0.0051
44364	0.0003	0.0003
44391	0.2002	0.1233
44403	0.0008	0.0006
44406	0	0
44409	0	0
44413	0	0
44414	0	0
44415	0	0
44419	0.0008	0.0006
44420	0	0
44421	0.0003	0.0003
44422	0.1777	0.1878
44423	0.0613	0.1523
44424	0.3298	0.3396
44425	0.2011	0.1912
44427	0.1102	0.3735
44430	0.0006	0.0006
44433	0.0003	0.0003
44436	0.0003	0.0003
44444	0.2000	0.1785
44445	0.0068	0.1726
44446	0.1107	0.1429
44448	0.0003	0.0003
44459	0.0142	0.0083
44461	0.4127	0.3333
44462	0.0453	0.0295
44463	0.4127	0.3333
44464	0.3453	0.3508
44550	0.0021	0.0027
44620	0.0003	0.0003
44659	0	0
44661	0	0
44668	0	0
44699	0.5069	0.5075
44700	0.0718	0.0461
44707	0.0003	0.0003
44710	0.4341	0.4365
44711	0.3103	0.3465
44712	0.1094	0.1167
44718	0.1283	0.0158
44723	0.1173	0.1715
44724	0.0993	0.2818
44728	0.0925	0.0228
44763	0.4072	0.4077
44764	0.0056	0.0055
44765	0.1391	0.1600
44767	0.1184	0.1505
44769	0.4064	0.4029
44780	0.0821	0.1145
44781	0.1113	0.1034
44800	0	0
44802	0.0127	0.1029
44803	0	0
44815	0	0
45017	0.0034	0.0024
45047	0.0140	0.0856
45087	0	0
45088	0	0
45117	0.0006	0.0006
45118	0.0003	0.0003
45127	0	0
45135	0.0003	0.0003
45149	0	0
45150	0	0
45152	0.0003	0.0003
45156	0.0003	0.0003
45181	0	0
45182	0	0
45184	0.0565	0.0906
45203	0	0
45226	0.0270	0.0642
45227	0.0003	0.0003
45228	0	0
45229	0.0165	0.0301
45230	0.0003	0.0003
45231	0	0
45239	0.0003	0.0003
45259	0.2008	0.1700
45261	0.2333	0.4123
45263	0.0561	0.0147
45273	0.0003	0.0003
45277	0.0003	0.0003
45278	0.0003	0.0003
45281	0.0003	0.0003
45300	0	0
45333	0.1163	0.1411
45340	0	0
45436	0	0
45454	0.0059	0.0097
45480	0	0
45488	0.0003	0.0003
45490	0.0003	0.0003
45491	0.0278	0.3497
45493	0.0278	0.3497
45595	0	0
45597	0	0
45727	0.0006	0.0006
45735	0.0006	0.0024
45744	0	0
45824	0	0
45859	0	0
45881	0	0
45892	0.0030	0.0073
45893	0.0003	0.0003
45910	0.0003	0.0003
45926	0	0
45934	0.0036	0.0064
45935	0.0003	0.0003
45936	0.0003	0.0003
46025	0.0053	0.2942
46026	0.0003	0.0003
46033	0.0285	0.0054
46034	0.0934	0.0778
46036	0.0060	0.0335
46037	0.0336	0.1577
46039	0.0635	0.1014
46040	0.3469	0.6044
46049	0.1593	0.1851
46051	0.0003	0.0003
46058	0.0049	0.0051
46072	0.0003	0.0003
46073	0.0064	0.0006
46075	0.0111	0.0006
46078	0.0336	0.0079
46080	0.0336	0.0079
46083	0.0006	0.0006
46084	0.0003	0.0003
46085	0.0713	0.0197
46087	0.0003	0.0003
46112	0.2319	0.2552
46113	0.0006	0.0006
46116	0.1170	0.4535
46128	0.1163	0.1066
46129	0.1643	0.2194
46130	0.0823	0.0511
46131	0.1060	0.1580
46132	0.1096	0.1529
46133	0.0003	0.0003
46134	0.1096	0.1529
46135	0.0003	0.0003
46144	0.0003	0.0003
46145	0.0003	0.0003
46146	0.0003	0.0003
46148	0.0899	0.1600
46149	0	0
46156	0.0003	0.0003
46160	0.0003	0.0003
46164	0.0089	0.2864
46165	0.0003	0.0003
46167	0.0003	0.0003
46168	0.0003	0.0003
46173	0.0003	0.0003
46174	0.0010	0.0009
46175	0.0003	0.0003
46176	0.0003	0.0003
46184	0.0003	0.0003
46185	0.0010	0.0010
46189	0.0003	0.0003
46209	0.0003	0.0003
46218	0.0293	0.2120
46219	0.1815	0.1604
46292	0.0006	0.0006
46294	0.0006	0.0006
46316	0.0003	0.0003
46323	0	0
46324	0	0
46325	0	0
46336	0.0060	0.4427
46337	0.0003	0.0003
46341	0.0043	0.0026
46342	0.0003	0.0003
46348	0.0037	0.0269
46349	0.0537	0.3667
46351	0.0899	0.1534
46352	0.0006	0.0006
46353	0.0003	0.0003
46356	0.0003	0.0003
46364	0.0449	0.1484
46365	0.0966	0.2835
46368	0	0
46373	0.0571	0.0416
46374	0	0
46377	0	0
46378	0	0
46379	0.0270	0.0642
46385	0.2808	0.0251
46386	0.0003	0.0003
46390	0.2035	0.3220
46391	0.0010	0.0009
46394	0.2414	0.3060
46395	0.0830	0.1917
46400	0.1281	0.1495
46401	0.0010	0.0033
46405	0.0698	0.4736
46406	0	0
46411	0	0
46413	0	0
46415	0.0003	0.0003
46416	0.0010	0.0009
46417	0.1360	0.1186
46429	0.0003	0.0003
46434	0.0867	0.0685
46436	0.0003	0.0003
46437	0.0003	0.0003
46439	0.0003	0.0003
46440	0.0003	0.0003
46451	0.0718	0.4328
46459	0.0006	0.0006
46466	0.0003	0.0003
46467	0.1116	0.1859
46474	0.0040	0.0026
46475	0.0003	0.0003
46477	0.0003	0.0003
46479	0.0003	0.0003
46483	0.3134	0.3097
46486	0.0076	0.0077
46487	0.0055	0.0102
46488	0.0010	0.0010
46490	0.5428	0.7018
46493	0.1504	0.2510
46496	0.0515	0.2018
46497	0.0003	0.0003
46499	0.0003	0.0003
46500	0.0032	0.1148
46501	0.2195	0.5856
46503	0.0003	0.0003
46508	0	0
46514	0.0003	0.0003
46516	0.0003	0.0003
46522	0.0003	0.0003
46523	0.0003	0.0003
46527	0.0006	0.0006
46537	0.0003	0.0003
46538	0.0003	0.0003
46556	0.0003	0.0003
46559	0.0003	0.0003
46570	0	0
46578	0	0
46618	0	0
46653	0.0132	0.0057
46654	0.0003	0.0003
46677	0.0028	0.0070
46685	0	0
46686	0	0
46688	0.0003	0.0003
46689	0	0
46690	0.0003	0.0003
46700	0.0827	0.0637
46718	0	0
46777	0	0
46782	0	0
46789	0	0
46812	0	0
46821	0.0016	0.0044
46834	0.0006	0.0006
46835	0.0003	0.0003
46854	0.0006	0.0006
46857	0.0010	0.0509
46872	0.1862	0.1773
46873	0.0991	0.0702
46874	0.0006	0.0006
46900	0.0003	0.0003
46901	0.0003	0.0003
46903	0.0388	0.0657
46906	0.0558	0.0438
46907	0.0088	0.0912
46912	0.0196	0.0112
46914	0.0980	0.0979
46915	0.0549	0.0360
46916	0.0303	0.0078
46917	0.0003	0.0003
46930	0.0006	0.0006
46933	0.4159	0.4144
46937	0	0
46938	0	0
46939	0.0003	0.0003
46942	0.0502	0.0368
46943	0.0862	0.0817
46944	0.0003	0.0003
46950	0.0003	0.0003
46952	0.0003	0.0003
46961	0.1268	0.1186
46982	0	0
46983	0.0071	0.0050
46992	0	0
46999	0	0
47091	0	0
47134	0.0006	0.0006
47151	0.0003	0.0003
47154	0	0
47296	0.0003	0.0003
47304	0	0
47348	0.0003	0.0003
47355	0.0003	0.0003
47418	0	0
47429	0.0028	0.0006
47451	0.0003	0.0003
47465	0.0003	0.0003
47473	0	0
47474	0	0
47475	0.0003	0.0003
47480	0.0003	0.0003
47487	0	0
47547	0.0006	0.0006
47570	0	0
47595	0	0
47602	0.0003	0.0003
47605	0.0003	0.0003
47617	0.0003	0.0003
47632	0.0003	0.0003
47661	0.0092	0.0275
47736	0	0
47739	0.0003	0.0003
47746	0	0
47761	0.0003	0.0003
47789	0.0003	0.0003
47828	0.0003	0.0003
47833	0	0
47850	0	0
47922	0.0003	0.0003
47952	0.0003	0.0003
47989	0	0
47991	0	0
48027	0.0003	0.0003
48029	0.1045	0.0016
48033	0.0003	0.0003
48034	0.0003	0.0003
48037	0.1084	0.1021
48038	0.1786	0.2142
48278	0	0
48472	0.0003	0.0003
48476	0.0003	0.0003
48500	0.0003	0.0003
48502	0.0003	0.0003
48511	0	0
48518	0.0009	0.0009
48519	0.0057	0.0081
48522	0.0009	0.0009
48523	0.0057	0.0082
48529	0	0
48551	0	0
48583	0.0006	0.0020
48585	0	0
48646	0.0017	0.0059
48856	0.1313	0.1686
48869	0.1313	0.1686
48870	0.3951	0.3390
48872	0.0053	0.0006
48874	0.0053	0.0006
48878	0.0680	0.0099
50044	0	0
50053	0	0
50062	0	0
50066	0.0003	0.0003
50096	0.0003	0.0003
50097	0	0
50100	0.0003	0.0003
50105	0	0
50114	0	0
50116	0	0
50136	0.3925	0.4745
50144	0.0003	0.0003
50151	0.0003	0.0003
50178	0	0
50215	0.0003	0.0003
50235	0	0
50304	0.0003	0.0003
50308	0.0012	0.0013
50332	0	0
50334	0.0003	0.0003
50355	0	0
50380	0.0003	0.0003
50385	0.0003	0.0003
50418	0.0003	0.0003
50421	0	0
50485	0	0
50486	0.0003	0.0003
50511	0.0003	0.0003
50515	0.0003	0.0003
50518	0.0003	0.0003
50519	0.0003	0.0003
50525	0	0
50526	0	0
50528	0	0
50530	0	0
50531	0.0003	0.0003
50532	0.0003	0.0003
50567	0.0003	0.0003
50568	0.0003	0.0003
50570	0.0003	0.0003
50577	0	0
50617	0	0
50618	0	0
50620	0	0
50660	0.0117	0.0172
50661	0.0628	0.1120
50662	0.0606	0.0486
50708	0	0
50709	0	0
50776	0	0
50777	0	0
50787	0	0
50789	0.1041	0.0925
50790	0.0044	0.0072
50792	0	0
50793	0.2235	0.2662
50794	0.0996	0.0885
50795	0.0003	0.0003
50797	0.0003	0.0003
50801	0.0680	0.0099
50821	0	0
50829	0	0
50845	0	0
50846	0	0
50877	0.0003	0.0003
50896	0.1106	0.0912
50897	0.0003	0.0003
50920	0.0003	0.0003
50992	0.0006	0.0006
50993	0.0006	0.0006
51002	0.0158	0.1345
51003	0.0158	0.1345
51015	0	0
51046	0	0
51048	0	0
51049	0	0
51051	0	0
51052	0.0013	0.0013
51053	0.0006	0.0006
51056	0	0
51066	0.0010	0.0009
51082	0.0421	0.0178
51087	0.0006	0.0006
51094	0	0
51098	0	0
51100	0	0
51103	0.0003	0.0003
51116	0.0006	0.0006
51119	0.1395	0.1703
51128	0.1633	0.1951
51129	0.0003	0.0003
51131	0.0047	0.0006
51143	0.0003	0.0003
51144	0.0003	0.0003
51156	0.0003	0.0003
51167	0.0800	0.0932
51171	0.0582	0.0485
51172	0.0036	0.0064
51173	0.0003	0.0003
51174	0.0017	0.0023
51179	0.2070	0.2072
51180	0.0085	0.1195
51181	0.0027	0.0492
51183	0.2116	0.2410
51184	0.0019	0.0924
51186	0.1450	0.2020
51187	0.0017	0.0041
51188	0.1494	0.2147
51189	0.1201	0.2250
51191	0.0003	0.0003
51192	0.0003	0.0003
51202	0	0
51205	0.0129	0.0341
51213	0.0468	0.0325
51223	0	0
51224	0	0
51234	0.1910	0.1927
51246	0.0835	0.0564
51247	0.0006	0.0006
51248	0.0003	0.0003
51252	0.0573	0.0475
51253	0.0030	0.0073
51254	0.0003	0.0003
51258	0.0006	0.0006
51259	0.0228	0.0040
51262	0.0006	0.0006
51270	0.0003	0.0003
51271	0	0
51273	0.0003	0.0003
51274	0	0
51275	0.0003	0.0003
51276	0.0048	0.0424
51287	0.0322	0.0414
51301	0.0818	0.1139
51302	0.0509	0.1524
51304	0.0003	0.0003
51336	0.0030	0.0042
51338	0	0
51345	0.0003	0.0003
51346	0.0014	0.0046
51391	0.0003	0.0003
51392	0.0003	0.0003
51470	0	0
51471	0	0
51478	0.0003	0.0003
51479	0.0003	0.0003
51536	0.1496	0.1125
51537	0.0215	0.0075
51538	0.0006	0.0006
51539	0.0620	0.0589
51540	0.1489	0.1118
51595	0	0
51603	0.0642	0.0058
51604	0.0062	0.0040
51606	0	0
51607	0.3431	0.2369
51641	0.0445	0.0881
51649	0.0478	0.0928
51668	0.0129	0.0341
51674	0.3951	0.3390
51701	0.0003	0.0003
51703	0	0
51704	0.0512	0.0369
51707	0.1957	0.1278
51715	0.0003	0.0003
51716	0.0914	0.0762
51723	0.0003	0.0003
51726	0.1084	0.3969
51745	0.0003	0.0003
51748	0.0003	0.0003
51775	0.0003	0.0003
51776	0	0
51782	0.0003	0.0003
51801	0.0003	0.0003
51805	0	0
51806	0	0
51807	0	0
51810	0	0
51817	0.0003	0.0003
51818	0.0003	0.0003
51825	0	0
51828	0	0
51832	0	0
51833	0	0
51834	0	0
51883	0.0003	0.0003
51907	0	0
51912	0.0003	0.0003
51920	0.0040	0.0046
51991	0.0003	0.0003
51992	0.0003	0.0003
51998	0.0019	0.0048
52031	0	0
52037	0	0
52126	0	0
52167	0	0
52170	0	0
52173	0	0
52192	0	0
52200	0	0
52255	0	0
52261	0	0
52306	0	0
52309	0	0
52331	0.0003	0.0003
52381	0.0003	0.0003
52547	0.0006	0.0116
52548	0.0003	0.0003
52552	0	0
52553	0	0
52561	0	0
52562	0	0
52564	0	0
52572	0	0
52590	0.0003	0.0003
52591	0.0003	0.0003
52592	0.0003	0.0003
52636	0	0
52646	0.0088	0.1454
52652	0.0035	0.0033
52654	0	0
52655	0	0
52656	0	0
52657	0.0003	0.0003
52689	0.0527	0.0197
52692	0	0
52693	0.0003	0.0003
52698	0.0003	0.0003
52699	0.0003	0.0003
52701	0.0003	0.0003
52703	0.0003	0.0003
52739	0	0
52740	0	0
52745	0.0003	0.0003
52794	0	0
52795	0	0
52796	0	0
52803	0.1999	0.4061
52805	0.3881	0.7901
52834	0.0003	0.0003
52855	0	0
52863	0.0003	0.0003
52865	0.0003	0.0003
52869	0	0
52906	0.0006	0.0006
52907	0.0003	0.0003
52908	0.0003	0.0003
52927	0.0003	0.0003
52928	0.0003	0.0003
52929	0.0003	0.0003
55062	0.0003	0.0003
55065	0.0688	0.0088
55067	0.0003	0.0003
55070	0.0006	0.0006
55072	0.0309	0.0064
55076	0.0688	0.0088
55080	0.0709	0.0100
55081	0.0003	0.0003
55082	0.0277	0.0073
55085	0.0645	0.0663
55086	0.1721	0.1876
55114	0.1956	0.1949
55129	0.7846	0.1513
55130	0	0
60089	0.0632	0.0366
60090	0.0003	0.0003
60241	0	0
60255	0.0659	0.0567
60341	0	0
60491	0.0003	0.0003
60567	0	0
60589	0.0009	0.0021
60590	0.0006	0.0006
60700	0.0003	0.0003
60701	0.0003	0.0003
61024	0.0123	0.0985
61025	0	0
61134	0.0006	0.0116
61135	0.0006	0.0122
61505	0.2769	0.2253
61542	0.0003	0.0003
61579	0	0
65002	0.0140	0.0269
65003	0.0204	0.0765
65004	0	0
65007	0.1075	0.0958
65008	0.0869	0.0858
65009	0.0043	0.0069
70001	0.0017	0.0025
70003	0.0010	0.0009
70006	0.0003	0.0003
70008	0.0600	0.0112
70011	0.0476	0.0431
70035	0.1643	0.0405
70040	0.0003	0.0003
70043	0.0003	0.0003
70063	0.0006	0.0006
70069	0	0
70071	0.0003	0.0003
70084	0.0003	0.0003
70085	0.0028	0.0016
70088	0	0
70160	0	0
70180	0.0950	0.0067
70181	0.0003	0.0003
70189	0.0904	0.4080
70201	0	0
70204	0.0003	0.0003
70205	0	0
70271	0.0205	0.0795
70272	0.0003	0.0003
70283	0.0219	0.2452
70297	0	0
70298	0	0
70301	0.0006	0.0006
70329	0.0003	0.0003
70330	0	0
70394	0	0
70395	0	0
70400	0	0
70401	0.0003	0.0003
70402	0.1167	0.0006
70403	0.0003	0.0003
70408	0.0003	0.0003
70409	0.0003	0.0003
70417	0	0
70469	0.0023	0.0025
70470	0.0003	0.0003
70475	0.0057	0.0078
70476	0.0003	0.0003
70482	0	0
70483	0	0
70490	0	0
70525	0.0713	0.0197
70526	0.0713	0.0197
70546	0.0006	0.0006
70548	0.0003	0.0003
70566	0.0332	0.0553
70567	0.0021	0.0021
70568	0.0003	0.0003
70569	0.0089	0.0021
70588	0	0
70589	0.3908	0.3663
70626	0	0
70628	0	0
70647	0	0
70678	0	0
70694	0.0003	0.0003
70727	0.0111	0.0539
70813	0.0385	0.1722
70814	0.0385	0.1722
70818	0.0006	0.0006
70838	0.0040	0.0006
70887	0.0010	0.0010
70925	0.0931	0.1036
70967	0.0003	0.0003
70972	0.0140	0.0856
70981	0.0006	0.0006
70982	0.0006	0.0006
71103	0.0426	0.0696
71214	0.0003	0.0003
71229	0	0
71241	0	0
71248	0	0
71265	0.0445	0.2654
71266	0.0006	0.0006
71267	0.0896	0.2355
71276	0	0
71424	0.0003	0.0003
71436	0.0003	0.0003
71453	0	0
71456	0	0
71466	0.0003	0.0003
71467	0	0
71468	0	0
71470	0.0003	0.0003
71474	0.0003	0.0003
71478	0	0
71482	0	0
71483	0	0
71496	0.0434	0.1802
71554	0.0864	0.0867
71555	0.0006	0.0006
71616	0.0006	0.0006
71702	0.1087	0.1376
71704	0.5234	0.5191
71705	0.0334	0.0510
71709	0.0182	0.1158
71766	0	0
71771	0	0
71804	0.2053	0.1143
71805	0.2053	0.1143
71806	0.0261	0.0321
71822	0.0328	0.0664
71824	0	0
71826	0.0003	0.0003
71840	0.1162	0.1399
71918	0.0003	0.0003
71941	0.2257	0.2621
71944	0.1382	0.1455
71945	0.0003	0.0003
71949	0	0
71951	0.0003	0.0003
71973	0.0003	0.0003
72329	0.0896	0.0447
72330	0.0156	0.1053
72337	0.0003	0.0003
72338	0.0006	0.0006
72339	0.0003	0.0003
72340	0.0003	0.0003
72341	0.0006	0.0006
72348	0.0254	0.1596
72350	0.0003	0.0003
72351	0.0003	0.0003
72488	0.0003	0.0003
72502	0.0003	0.0003
72506	0.0003	0.0003
72509	0.0017	0.0006
72511	0.0021	0.0835
72519	0	0
72521	0.1318	0.1442
72522	0.1813	0.2795
72523	0.0804	0.0512
72524	0.0862	0.1972
72525	0.0762	0.4294
72526	0.0003	0.0003
72527	0.1111	0.1304
72528	0.0993	0.1361
72529	0.0003	0.0003
72586	0.0003	0.0003
72593	0.0013	0.0033
72594	0.0140	0.0856
72599	0.0140	0.0856
72657	0.0148	0.0795
75001	0	0
75136	0	0
80090	0.0648	0.0552
80109	0	0
80130	0.0006	0.0006
80134	0.0003	0.0003
80135	0.0003	0.0003
90069	0.0003	0.0003
90071	0.0003	0.0003
90116	0.0050	0.0006
90124	0	0
90150	0.0148	0.0795
90304	0.1828	0.1698
90305	0.0568	0.0540
90329	0.0003	0.0003
90407	0.1626	0.2389
90482	0.4745	0.4232
90484	0.0006	0.0006
90501	0.0003	0.0003
90529	0.0256	0.0186
97052	0.0003	0.0003
97053	0.0003	0.0003
97056	0.0006	0.0006
97159	0.3538	0.3422
97170	0.0003	0.0003
97171	0.0003	0.0003
97172	0.0003	0.0003
97173	0.0003	0.0003
97174	0.0003	0.0003
97175	0.0003	0.0003
97339	0.0003	0.0003
97367	0.2434	0.2093
97502	0.0003	0.0003
97503	0	0
97506	0.0003	0.0003
98519	0.0003	0.0003
98533	0.0196	0.0034
98542	0.2286	0.1490
98552	0.0028	0.0006
1900190	0	0
1900191	0	0
1900231	0	0
1900232	0	0
1900542	0.0006	0.0026
1900866	0.0003	0.0003
1901068	0.0695	0.0979
1901069	0.0635	0.1072
1901070	0.0555	0.1926
1901071	0.0060	0.0227
1901072	0.0027	0.0277
1901135	0.1859	0.2179
1901136	0.0794	0.0611
1901137	0.1898	0.2843
1901159	0.0800	0.0932
1901160	0.0768	0.3299
1901161	0.0060	0.4427
1901264	0.0059	0.0133
1901265	0.2589	0.2268
1901269	0.1504	0.2510
1901271	0.1504	0.2510
1901292	0.0761	0.0615
1901293	0.1365	0.2162
1901360	0.3220	0.3166
1901361	0.0847	0.0706
1901362	0.1700	0.1755
1901363	0.3527	0.3409
1901369	0.0003	0.0003
1901440	0.0003	0.0003
1901441	0.0003	0.0003
1901474	0.0003	0.0003
1901476	0.1455	0.1631
1901505	0.0032	0.0030
1901564	0.3638	0.3770
1901565	0.0934	0.0851
1901566	0.3624	0.4220
1901575	0.1263	0.1243
1901576	0.3100	0.3153
1901605	0.2434	0.3304
1901606	0.1438	0.2987
1901607	0.2947	0.4099
1901615	0.0223	0.1779
1901616	0.0089	0.2864
1901617	0.0144	0.0522
1901618	0.0037	0.0037
1901657	0.1305	0.1442
1901658	0.0777	0.0517
1901659	0.1586	0.2616
1901661	0.1033	0.1137
1901663	0.1033	0.1137
1901677	0.2979	0.2846
1901678	0.0683	0.0378
1901681	0.0080	0.0067
1901682	0.0558	0.1005
1901700	0.0023	0.0013
1901701	0.0006	0.0006
1901891	0.0003	0.0003
1901892	0	0
1901998	0	0
1902021	0.0003	0.0003
1902115	0.0003	0.0003
1902116	0.0003	0.0003
1902201	0	0
1902208	0.0003	0.0003
1902209	0.0003	0.0003
1902221	0.0087	0.0425
1902222	0.0429	0.2610
1902223	0.0006	0.0006
1902494	0.0259	0.0855
1902495	0.0174	0.0032
1902531	0	0
1902554	0.0006	0.0033
1902578	0.0148	0.0795
1902580	0.0148	0.0795
1902582	0.0104	0.1154
1902589	0.0045	0.0476
1990077	0.0006	0.0006
1990104	0	0
1990204	0.0178	0.1468
1990234	0.0115	0.0067
2000104	0.0003	0.0003
2000112	0.0622	0.0535
2000113	0.0039	0.0089
2000142	0	0
2000143	0	0
2000145	0.0003	0.0003
2000146	0	0
2000371	0.0003	0.0003
2000372	0.0003	0.0003
2001020	0.0003	0.0003
2001057	0.116	0.3701
2001058	0.0003	0.0003
2001059	0.0003	0.0003
2001060	0.0003	0.0003
2001061	0.0003	0.0003
2001070	0	0
2001141	0.0572	0.0475
2001293	0.5706	0.5748
2001295	0.5706	0.5748
